Sampling date,Grower,Site,Grower Rating,Rep,Location ,Depth,EC,Sand %,Silt %,Clay % ,TC ,MBC,soil moisture,NH4 ,NO3,PMN,POXC,Bulk density,Respiration,pH,TN ,,,
2/19/21,Beckstoffer,Bourn,Ideal,1,T,A,43.96,64.85714286,4.958643846,30.1842133,1.260949961,76.95032034,0.157158235,9.280894196,5.441593698,40.70222669,507.2806452,1.261752137,14.18800062,6.6,0.107303841,,,
2/19/21,Beckstoffer,Bourn,Ideal,2,T,A,54.97,64.02569593,5.357218153,30.61708592,1.562927655,193.9301486,0.210401891,10.78494186,6.036558783,44.32661189,591.676494,1.372571873,12.89314378,6.7,0.125780261,,,
2/19/21,Beckstoffer,Bourn,Ideal,3,T,A,67.7,63.92857143,5.030547789,31.04088078,1.762043515,134.2201728,0.190697674,7.776846537,4.846628613,37.07784149,916.5774194,1.008838384,9.157472072,6.7,0.144913115,,,
2/19/21,Beckstoffer,Bourn,Ideal,1,T,B,36.47,63.14285714,5.094955241,31.76218762,0.882018844,94.35605879,0.17699115,10.73514902,4.775882549,24.76019535,348.0661417,1.420745921,7.58040127,6.5,0.080720279,,,
2/19/21,Beckstoffer,Bourn,Ideal,2,T,B,33.46,66.14285714,4.754323028,29.10281983,0.713151507,84.56347965,0.139664804,5.380292226,3.585533824,17.90003912,806.7352227,1.452117327,9.080286552,6.8,0.067547367,,,
2/19/21,Beckstoffer,Bourn,Ideal,3,T,B,51.5,65.21428571,4.751421757,30.03429253,1.022121206,101.9822456,0.16741573,9.72011569,4.438799076,23.02288053,507.8134387,1.366452991,12.47738409,6.6,0.088672726,,,
2/19/21,Beckstoffer,Bourn,Ideal,1,V,A,61.74,64.36208125,4.916230797,30.72168795,1.102452704,59.54458188,0.146341463,8.701267786,6.997346873,15.72399818,371.146988,1.247183372,10.45040178,7.2,0.094778574,,,
2/19/21,Beckstoffer,Bourn,Ideal,2,V,A,71.07,64.50463293,4.821209897,30.67415717,1.574765063,108.9173869,0.164027149,8.920754888,9.226021665,24.79038687,520.4285714,1.316724942,8.469362355,7.2,0.129746693,,,
2/19/21,Beckstoffer,Bourn,Ideal,3,V,A,90.14,63.77840909,5.081418178,31.14017273,1.580340516,72.10130815,0.158198614,27.05401832,11.76141215,14.30228663,612.0728745,1.440559441,15.56419539,7.4,0.135632977,,,
2/19/21,Beckstoffer,Bourn,Ideal,1,V,B,55.97,66.04717655,4.63295312,29.31987033,0.572407204,11.88503205,0.112662014,7.805718646,5.268979448,9.498520788,212.1865613,1.229895105,7.501505324,7.1,0.055923522,,,
2/19/21,Beckstoffer,Bourn,Ideal,2,V,B,70.73,66.04717655,5.45219483,28.50062862,0.700434572,35.45102756,0.133695652,8.326425266,11.42659091,7.060765838,248.1590551,1.301961927,7.680855133,6.5,0.066010344,,,
2/19/21,Beckstoffer,Bourn,Ideal,3,V,B,84.8,64.35714286,4.758667573,30.88418957,0.896683314,87.04177688,0.141458107,7.775208436,9.707992019,7.410348539,301.4168675,1.196872572,9.616646277,6.9,0.087248028,,,
2/19/21,Beckstoffer,Carneros,Challenging,1,T,A,419.3,42.71428571,10.84079518,46.44491911,1.973801876,188.1045194,0.24877451,10.23802819,7.093659346,49.99609617,803.4822581,1.254079254,7.913947675,6.4,0.181123447,,,
2/19/21,Beckstoffer,Carneros,Challenging,2,T,A,383.6,45.42857143,10.30741897,44.2640096,2.304167606,337.7169813,0.2760181,9.892417202,11.79328625,111.8313638,964.1545817,1.18997669,9.214772793,6.9,0.198582201,,,
2/19/21,Beckstoffer,Carneros,Challenging,3,T,A,251,45.5,10.74722379,43.75277621,1.983734842,256.5606138,0.255344418,9.997729981,9.660430771,413.7487571,744.7623529,1.200951826,19.8883377,6.6,0.174663848,,,
2/19/21,Beckstoffer,Carneros,Challenging,1,T,B,450.8,38.54389722,9.755291231,51.70081155,0.760927182,112.7001166,0.253472222,12.22737039,5.254213171,15.04589997,219.1984064,1.472999223,8.212292045,6.2,0.085566626,,,
2/19/21,Beckstoffer,Carneros,Challenging,2,T,B,302.6,44.5,9.776162235,45.72383777,1.60344128,169.4990797,0.209401709,9.70326568,5.205053961,41.70117939,698.5894737,1.378787879,19.11618628,6.5,0.142664812,,,
2/19/21,Beckstoffer,Carneros,Challenging,3,T,B,196.5,44.28571429,9.772353264,45.94193245,1.150930107,61.73750642,0.209580838,49.15745117,3.973698932,28.37353968,553.5180723,1.176670552,13.16089003,6.2,0.117136905,,,
2/19/21,Beckstoffer,Carneros,Challenging,1,V,A,532,43.69208838,9.982150678,46.32576094,1.600546617,114.6557401,0.213510253,8.94797741,19.61620095,20.78078696,668.8285714,1.244366744,7.427722462,6.6,0.13682598,,,
2/19/21,Beckstoffer,Carneros,Challenging,2,V,A,278.8,46.14285714,9.220820693,44.63632216,1.836020793,150.9987876,0.207291667,8.924531235,20.27969814,23.00186828,668.8451613,1.227175602,8.173723301,6.8,0.171909767,,,
2/19/21,Beckstoffer,Carneros,Challenging,3,V,A,238.1,45.00713267,9.807058424,45.18580891,1.59593043,166.6582507,0.231692677,9.113693927,12.45333837,54.45841708,703.7060241,1.221250971,21.35175682,6.6,0.139864861,,,
2/19/21,Beckstoffer,Carneros,Challenging,1,V,B,478.5,43.53109364,9.566197512,46.90270885,0.829144877,28.43129473,0.188323917,9.445026454,20.04219519,10.980023,249.1399209,1.369172494,14.16547954,6.4,0.090418087,,,
2/19/21,Beckstoffer,Carneros,Challenging,2,V,B,265.7,44.67476769,9.348510383,45.97672193,0.706207784,91.79582612,0.195428571,9.570417437,26.29320432,18.69116409,442.685259,1.200854701,11.59955464,6.4,0.074769145,,,
2/19/21,Beckstoffer,Carneros,Challenging,3,V,B,186.1,44.74624732,9.585289073,45.66846361,0.835367958,13.63020581,0.197033898,8.247049794,12.35445997,11.59830828,320.2996016,1.284090909,9.478551964,6.4,0.462322261,,,
4/20/21,Constellation,OV511 (cover),Challenging,1,T,A,68.2,30.21428571,16.28139626,53.50431802,1.840332275,53.28659745,0.108527132,1.17585938,2.725928114,44.40362065,680.832,1.260586636,43.15615201,6.9,0.134781069,,,
4/20/21,Constellation,OV511 (cover),Challenging,2,T,A,80.68,29.81455064,16.18981907,53.99563029,2.309167617,208.5866262,0.117777778,2.012627344,3.894779572,59.57670703,707.868,1.334401709,35.29874813,7.1,0.162835387,,,
4/20/21,Constellation,OV511 (cover),Challenging,3,T,A,105.6,29.32384342,16.9919667,53.68418989,1.429885526,86.0834024,0.099236641,1.667949451,3.958096086,64.26531386,843.048,1.307886558,59.56201082,7.0,0.097612273,,,
4/20/21,Constellation,OV511 (cover),Challenging,1,T,B,53.28,28.62241256,16.75193125,54.62565619,1.254185094,86.24950311,0.130434783,1.264730046,2.581554539,10.6212919,480.7656,1.07031857,15.77390111,6.9,0.089220597,,,
4/20/21,Constellation,OV511 (cover),Challenging,2,T,B,69.72,28.38892832,16.5025386,55.10853308,1.815108911,32.3682381,0.133333333,2.366498678,4.506050944,18.93103308,524.0232,1.331682207,20.17818686,6.9,0.138636992,,,
4/20/21,Constellation,OV511 (cover),Challenging,3,T,B,72.32,29.57142857,16.7886385,53.63993292,1.760666189,53.21546401,0.120133482,1.692248086,3.650251246,33.62919334,572.688,1.375679876,20.38477785,7.0,0.121294337,,,
4/20/21,Constellation,OV511 (cover),Challenging,1,V,A,83.49,31.02215868,15.80934036,53.16850095,1.809941701,98.09216005,0.107221007,1.297861697,3.743868552,39.8453148,540.2448,1.274184149,27.1799338,7.4,0.13666399,,,
4/20/21,Constellation,OV511 (cover),Challenging,2,V,A,88.14,30,16.73366834,53.26633166,1.968654088,28.13795175,0.116997792,1.8109375,3.873211941,38.45206604,664.6104,1.262626263,57.59924405,7.2,0.149606532,,,
4/20/21,Constellation,OV511 (cover),Challenging,3,V,A,108.3,33.38088445,15.51934162,51.09977393,2.31165729,270.5325409,0.128089888,1.972573526,5.335653286,71.60924927,810.6048,1.418803419,61.79970116,7.3,0.165264166,,,
4/20/21,Constellation,OV511 (cover),Challenging,1,V,B,65.01,30.04996431,15.55835772,54.39167797,1.31265967,62.30792752,0.132502831,1.029395196,3.072493922,12.03045107,378.0288,1.179584305,12.8754795,7.3,0.096343036,,,
4/20/21,Constellation,OV511 (cover),Challenging,2,V,B,56.3,28.71428571,16.22978661,55.05592768,1.531327004,74.12717904,0.123348018,1.728630496,3.526018351,13.31135661,388.8432,1.251262626,11.77921431,7.1,0.112889724,,,
4/20/21,Constellation,OV511 (cover),Challenging,3,V,B,74.38,31.14285714,15.37410677,53.48303609,1.75231725,19.76492133,0.125550661,1.468614965,5.263039381,25.03771514,680.832,1.488442113,27.56330706,7.1,0.132395779,,,
4/20/21,Constellation,To Kalon I,Ideal,1,T,A,80.82,39.71428571,12.23151774,48.05419655,1.42572908,9.728182797,0.121651786,2.483273651,5.965236322,22.5360168,529.4304,1.182983683,12.62298679,7.6,0.110584447,,,
4/20/21,Constellation,To Kalon I,Ideal,2,T,A,96.01,42.07142857,11.41856691,46.51000451,1.305636344,117.1083815,0.086548488,2.877961003,5.461422618,22.86016479,399.6576,1.191919192,18.04504141,7.1,0.098958311,,,
4/20/21,Constellation,To Kalon I,Ideal,3,T,A,68.9,42.14285714,10.82740972,47.02973313,1.216283342,56.6653183,0.115427303,1.776862694,5.192534396,19.87830275,394.2504,1.241452991,15.41917983,7.4,0.096026753,,,
4/20/21,Constellation,To Kalon I,Ideal,1,T,B,71.2,39.71428571,11.4008544,48.88485989,1.108332131,47.7278331,0.125950054,1.734637379,5.550773826,17.13807434,475.3584,1.337703963,10.5878334,7.3,0.077974823,,,
4/20/21,Constellation,To Kalon I,Ideal,2,T,B,55.54,42.72467903,10.71822363,46.55709734,1.095806858,34.83832468,0.131236443,2.368661038,5.349527001,15.38795234,323.9568,1.360722611,14.38013314,6.8,0.076589687,,,
4/20/21,Constellation,To Kalon I,Ideal,3,T,B,65.95,41.88034188,11.49072885,46.62892927,0.860391792,82.95357858,0.12458287,2.906302391,5.755236584,20.43039995,269.8848,1.500679876,15.98716783,7.3,0.074559533,,,
4/20/21,Constellation,To Kalon I,Ideal,1,V,A,120.1,40.60042888,11.81752058,47.58205054,1.165801327,135.9840195,0.175233645,3.679574036,11.27994298,29.37504451,430.3792829,1.435120435,17.14756356,7.8,0.09384111,,,
4/20/21,Constellation,To Kalon I,Ideal,2,V,A,68.74,43.53109364,10.46059809,46.00830827,1.080463698,46.60926369,0.122246696,3.094156683,6.134008092,24.18121589,334.7712,1.402486402,15.83425095,7.2,0.082602523,,,
4/20/21,Constellation,To Kalon I,Ideal,3,V,A,94.41,42.78571429,10.61113142,46.60315429,1.002110434,65.4985446,0.130901288,2.495110245,5.692911495,18.3894569,350.9928,1.30487568,13.87061067,8.0,0.0812493,,,
4/20/21,Constellation,To Kalon I,Ideal,1,V,B,80.32,41.04211278,11.84533415,47.11255308,1.545091188,75.97335309,0.148022599,2.728418169,4.606774608,17.70782728,286.1064,1.412296037,10.16101223,7.8,0.119209868,,,
4/20/21,Constellation,To Kalon I,Ideal,2,V,B,46.36,43.14285714,10.86044951,45.99669334,0.888817653,32.34928082,0.143835616,2.226983909,3.888153165,15.01957917,280.6992,1.403166278,7.262629121,6.9,0.073749384,,,
4/20/21,Constellation,To Kalon I,Ideal,3,V,B,69.67,43.07142857,10.26617034,46.66240109,0.868399767,4.893712145,0.119866815,1.880313529,3.915851408,14.78988867,194.184,1.284382284,11.66611973,7.7,0.069081753,,,
3/30/21,Cornell,Eleven B,Challenging,1,T,A,121.4,41.78571429,8.530968388,49.68331733,2.066655613,89.33758998,0.147724584,3.916899625,4.646720893,55.09508292,695.7,1.231449106,44.77239527,7.8,0.162259417,,,
3/30/21,Cornell,Eleven B,Challenging,2,T,A,164.6,42.92857143,7.875319137,49.19610943,2.316923995,119.0868373,0.154605263,6.271548689,5.491425581,34.23131073,695.388189,1.417443667,12.5791635,8.0,0.159322153,,,
3/30/21,Cornell,Eleven B,Challenging,3,T,A,119.3,45.85714286,7.522857296,46.61999985,2.651900923,206.5846829,0.152996845,5.398194834,5.061018195,53.80749633,795.744,1.354700855,12.72108483,7.7,0.198096896,,,
3/30/21,Cornell,Eleven B,Challenging,1,T,B,111.6,37.21428571,10.02080552,52.76490877,1.40276986,99.29249406,0.170517052,4.64742859,5.400162706,17.35337878,585.792,1.248251748,22.50848142,7.8,0.113219087,,,
3/30/21,Cornell,Eleven B,Challenging,2,T,B,110.9,41.98146828,7.641436158,50.37709556,1.406597246,102.9259474,0.17462039,5.730901222,7.483589462,21.47083466,511.1491935,1.552933178,11.44422761,8.1,0.115022302,,,
3/30/21,Cornell,Eleven B,Challenging,3,T,B,88.1,45.28571429,7.233824402,47.48046131,1.582977613,86.22602705,0.143326039,3.771132531,4.349547104,28.35922261,489.3561753,1.233294483,17.37322837,7.9,0.127374794,,,
3/30/21,Cornell,Eleven B,Challenging,1,V,A,206.8,41.18486795,9.812873966,49.00225808,2.370112347,173.0486054,0.353546911,14.37188739,5.899306466,30.67564722,784.2214286,1.46532634,44.64684184,8.1,0.176045532,,,
3/30/21,Cornell,Eleven B,Challenging,2,V,A,129.5,42.42857143,9.150585705,48.42084287,1.913267339,129.5266308,0.152495379,2.879067023,3.663783143,18.92201821,601.5384,1.445707071,36.94317418,8.2,0.136374477,,,
3/30/21,Cornell,Eleven B,Challenging,3,V,A,108.8,44.42857143,8.504350681,47.06707789,1.742617465,121.577235,0.165322029,4.033461864,4.179915541,22.79220543,479.4024194,1.420551671,29.79274024,8.2,0.138237125,,,
3/30/21,Cornell,Eleven B,Challenging,1,V,B,155.9,39.78647687,10.21836271,49.99516042,1.325542298,82.79489351,0.191211401,3.978079339,4.258987613,18.75750172,606.7872,1.461052836,13.01725962,7.7,0.111491023,,,
3/30/21,Cornell,Eleven B,Challenging,2,V,B,134.8,41.45818442,8.761649698,49.78016588,1.426740982,82.06985758,0.154004107,3.426847655,3.652216744,16.71112053,377.3493976,1.402292152,22.0253719,8.3,0.104705633,,,
3/30/21,Cornell,Eleven B,Challenging,3,V,B,87.61,43.78571429,8.692165159,47.52212055,1.324180867,97.6548202,0.173010381,3.554558708,5.065838124,23.72062236,437.0772908,1.27457265,13.71190685,8.1,0.120685157,,,
3/30/21,Cornell,Seven,Ideal,1,T,A,59.46,44.94301994,7.404170113,47.65280994,0.972089383,68.78216077,0.18287037,5.973233543,4.842931454,31.07514312,620.0533865,1.243395493,6.698106374,7.0,0.077911052,,,
3/30/21,Cornell,Seven,Ideal,2,T,A,68.1,45.07142857,7.865594455,47.06297697,2.444542363,128.2527544,0.182783019,5.760359553,4.160993093,32.19990536,659.3008065,1.181235431,3.066109658,6.8,0.203674349,,,
3/30/21,Cornell,Seven,Ideal,3,T,A,62.35,44.14285714,7.928740309,47.92840255,1.557882952,78.27064617,0.151681001,4.734342389,4.501962274,31.80211478,505.8580645,1.242229992,30.04309023,6.9,0.133807451,,,
3/30/21,Cornell,Seven,Ideal,1,T,B,40.71,41.26870991,7.877401789,50.8538883,1.59798585,55.29634511,0.211428571,4.681404299,4.518767274,17.44207917,373.5798387,1.174630925,1.433114037,6.9,0.136358651,,,
3/30/21,Cornell,Seven,Ideal,2,T,B,39.33,45.90163934,7.272164487,46.82619617,1.114783819,61.15172149,0.196756757,3.9699874,4.942862677,33.29704521,414.5142857,1.300602176,21.53188624,6.8,0.092043213,,,
3/30/21,Cornell,Seven,Ideal,3,T,B,54.62,42.2253923,8.087368651,49.68723905,1.463431571,72.54769116,0.108786611,3.302818586,4.094671871,11.15408348,354.4228346,1.021367521,12.88638717,6.9,0.126803405,,,
3/30/21,Cornell,Seven,Ideal,1,V,A,86.03,43.64285714,8.906938708,47.45020415,1.199798893,109.5798642,0.193268187,4.638808985,2.655456848,16.73648263,442.3051793,1.264471639,27.13786118,8.0,0.097906908,,,
3/30/21,Cornell,Seven,Ideal,2,V,A,69.6,45.65527066,9.101952454,45.24277689,1.613860013,93.28575548,0.150793651,9.108235858,3.451678555,12.63594004,558.8682353,1.401029526,13.98181876,7.9,0.131009066,,,
3/30/21,Cornell,Seven,Ideal,3,V,A,97.25,41,9.845716606,49.15428339,1.636712522,94.944298,0.176008969,4.855917829,3.676630893,16.44953508,514.3662651,1.31973582,17.26189572,7.9,0.132930425,,,
3/30/21,Cornell,Seven,Ideal,1,V,B,90.08,41.89864383,8.653312058,49.44804412,0.804684901,58.25484887,0.233409611,4.809220789,3.193373969,12.75460354,234.6776471,1.151612277,2.482635973,7.6,0.064188934,,,
3/30/21,Cornell,Seven,Ideal,2,V,B,53.01,45.961401,7.305488883,46.73311012,0.518658459,29.79586103,0.208484848,3.682095706,3.216090931,15.96427973,134.9349398,1.385003885,1.843225902,7.7,0.041789689,,,
3/30/21,Cornell,Seven,Ideal,3,V,B,60.21,40.88634739,9.78510458,49.32854803,1.02335782,37.86754937,0.205156951,4.086269599,3.912689002,16.35514504,276.1128,1.470959596,15.01164422,7.7,0.079738348,,,
3/23/21,Gallo,Ghost Pines,Challenging,1,T,A,93.13,27.57142857,16.36108796,56.06748347,3.054644284,123.8785714,0.285714286,1.910368185,2.758811274,22.58739634,887.5741935,1.201631702,36.51314479,6.7,0.236322286,,,
3/23/21,Gallo,Ghost Pines,Challenging,2,T,A,115.1,24,17.40762125,58.59237875,4.028122402,53.82241379,0.295019157,9.502532129,6.90527929,18.57754001,1051.887402,1.18463481,41.14536172,6.7,0.287071761,,,
3/23/21,Gallo,Ghost Pines,Challenging,3,T,A,132.5,23.38308458,17.70917373,58.90774169,4.721914937,107.1186725,0.359145527,15.48756972,10.49492678,18.64012703,1044.228571,1.154623155,60.52902664,6.6,0.356947507,,,
3/23/21,Gallo,Ghost Pines,Challenging,1,T,B,72.16,24.76802284,16.56847235,58.66350481,1.774365153,71.47078391,0.241877256,6.471140118,7.757876133,10.71029237,583.2365854,1.257867133,20.46510694,6.6,0.138385275,,,
3/23/21,Gallo,Ghost Pines,Challenging,2,T,B,67.84,20.07142857,19.89672348,60.03184794,2.542906397,147.1206739,0.272955975,4.396448697,2.716647032,17.33142214,612.5102362,1.342463092,14.36303845,6.6,0.185040619,,,
3/23/21,Gallo,Ghost Pines,Challenging,3,T,B,74.46,17.06970128,24.15618573,58.77411299,2.893156315,62.10833038,0.286600496,3.455587448,4.583577967,17.31564338,570.1606299,1.256021756,18.72258906,6.4,0.231042947,,,
3/23/21,Gallo,Ghost Pines,Challenging,1,V,A,77.33,23.92857143,20.85106383,55.22036474,2.335191066,72.14882793,0.211652794,3.679299838,3.766103327,12.0159707,567.6895161,1.181818182,30.86061943,6.8,0.170371778,,,
3/23/21,Gallo,Ghost Pines,Challenging,2,V,A,104.9,22.69807281,21.74297354,55.55895365,3.724253378,40.47589286,0.307291667,4.548986622,8.631036639,30.07284314,927.2096386,1.298951049,34.77258063,6.9,0.265057807,,,
3/23/21,Gallo,Ghost Pines,Challenging,3,V,A,146.8,25.71428571,19.74287975,54.54283454,6.16140313,120.9211313,0.302990897,5.714916965,22.19832091,22.52349335,1065.366802,1.260586636,65.05921837,6.2,0.457431765,,,
3/23/21,Gallo,Ghost Pines,Challenging,1,V,B,84.48,22,21.71931956,56.28068044,1.7370457,34.47755832,0.233611442,4.59444842,8.270293336,13.99870821,518.8935484,1.318764569,41.70325208,6.7,0.135617103,,,
3/23/21,Gallo,Ghost Pines,Challenging,2,V,B,72.22,18.37026447,24.40394581,57.22578971,2.117818834,165.5173109,0.257647059,3.831361291,5.921586005,14.01472177,643.5943548,1.22047397,21.96932301,6.9,0.170220108,,,
3/23/21,Gallo,Ghost Pines,Challenging,3,V,B,164.3,21.64285714,21.95453152,56.40261134,5.144229929,96.23535803,0.296758105,5.248391717,23.27407501,24.72124425,1016.373279,1.226204351,24.96727813,6.1,0.406705811,,,
3/23/21,Gallo,William Hill,Ideal,1,T,A,85.81,47.78571429,8.149454197,44.06483152,1.965216349,78.90506462,0.240831296,6.264969021,5.457407132,32.07014552,855.5378486,1.169483294,12.84216582,6.8,0.154650188,,,
3/23/21,Gallo,William Hill,Ideal,2,T,A,75.36,49.07142857,7.793396202,43.13517523,1.91567823,124.3888964,0.227488152,2.158591236,6.628677745,44.6090521,783.6624,1.257867133,69.25830732,6.7,0.146201604,,,
3/23/21,Gallo,William Hill,Ideal,3,T,A,90.91,48.71428571,8.194039769,43.09167452,1.949362366,65.61132826,0.227602906,6.520981798,4.238327787,48.0588893,662.6096386,1.327797203,62.5348065,6.6,0.161817102,,,
3/23/21,Gallo,William Hill,Ideal,1,T,B,55.85,56.57142857,5.554542138,37.87402929,0.706245317,51.77548585,0.217183771,5.518445538,5.259454088,19.04455277,342.6336,1.266122766,28.42845344,6.9,0.063737195,,,
3/23/21,Gallo,William Hill,Ideal,2,T,B,50.54,54,6.287227002,39.712773,0.77431578,24.36269561,0.200235571,3.047194554,1.67636577,15.75867339,260.7512195,1.162587413,13.93608749,6.7,0.069772129,,,
3/23/21,Gallo,William Hill,Ideal,3,T,B,58.43,52.60528194,7.004777197,40.38994086,0.94891879,62.43026405,0.210900474,4.445932489,2.747933703,19.7135423,283.1858824,1.464063714,31.34284826,6.8,0.099391269,,,
3/23/21,Gallo,William Hill,Ideal,1,V,A,116.6,50.71428571,8.50483511,40.78087918,1.228883333,74.4105999,0.232502966,4.873078582,12.85293147,16.26135781,441.2096386,1.304487179,16.74427654,7.4,0.094914157,,,
3/23/21,Gallo,William Hill,Ideal,2,V,A,116.8,51.17773019,8.273332969,40.54893684,1.007622303,31.36282353,0.198823529,2.818523136,16.36577271,12.48552188,239.8628571,1.001845377,17.47780841,6.7,0.382348995,,,
3/23/21,Gallo,William Hill,Ideal,3,V,A,145.4,49.35714286,8.964138385,41.67871876,1.406434021,50.66357143,0.184883721,3.082649743,24.97824186,29.92133197,589.3766129,1.282148407,30.69522441,6.4,0.108080454,,,
3/23/21,Gallo,William Hill,Ideal,1,V,B,95.07,58.74375446,6.090780105,35.16546543,0.52618356,104.1807544,0.270911361,5.264355721,10.76024614,22.1217902,261.8155102,1.403360528,11.83960562,7.7,0.046742273,,,
3/23/21,Gallo,William Hill,Ideal,2,V,B,90.69,52.85714286,7.854396925,39.28846022,0.647477384,3.943948176,0.212410501,1.994400478,13.5399973,14.24477749,117.2096386,1.151223776,9.781261651,6.7,0.058019713,,,
3/23/21,Gallo,William Hill,Ideal,3,V,B,133.7,58,6.23043206,35.76956794,0.687362388,12.00843947,0.213349225,2.093624454,20.83934132,22.85022782,258.6483871,1.227272727,16.89629468,6.6,0.069612094,,,
4/7/21,Honig,5,Challenging,1,T,A,201.9,54.42857143,3.634356059,41.93707251,1.845773593,143.3703984,0.102604717,4.052384917,3.9614297,23.87864376,729.8390438,1.103729604,42.07096702,7.3,0.181209128,,,
4/7/21,Honig,5,Challenging,2,T,A,236.6,55.21428571,4.521480518,40.26423377,2.091288322,142.3664911,0.107269882,4.506817512,3.089332471,29.53970046,717.012,1.365384615,58.09194767,7.2,0.210857385,,,
4/7/21,Honig,5,Challenging,3,T,A,232.8,56.64285714,4.002369074,39.35477378,2.390793296,232.5942194,0.13295325,5.393553791,4.497146605,35.74723326,900.72,1.277680653,57.19428976,7.2,0.24238421,,,
4/7/21,Honig,5,Challenging,1,T,B,141.5,56.21428571,4.410989666,39.37472462,1.106907894,56.08655399,0.098721904,2.933208786,2.808219158,9.860704407,423.0792,0.881507382,25.48040852,7.4,0.1667784,,,
4/7/21,Honig,5,Challenging,2,T,B,144.9,57.57142857,8.502406766,33.92616466,1.259389073,125.5927494,0.107761869,3.766034645,3.287158464,24.337393,515.4956175,1.159965035,23.02272224,7.3,0.078791012,,,
4/7/21,Honig,5,Challenging,3,T,B,141.3,55.06419401,4.236998533,40.69880746,1.078195189,95.97793226,0.128046391,3.622567937,3.493734564,16.33452342,407.3328,1.239413364,29.00846377,7.2,0.32038057,,,
4/7/21,Honig,5,Challenging,1,V,A,204.3,62.21428571,4.755253635,33.03046065,2.415012831,161.2773774,0.085181412,3.974971256,2.399956457,30.25079305,829.1689243,1.239413364,84.55582962,7.5,0.276286377,,,
4/7/21,Honig,5,Challenging,2,V,A,183,62.83059328,4.497976355,32.67143036,2.108586742,138.1549315,0.095265878,4.246867822,2.526781073,31.9765235,738.0072,1.165306915,56.99142972,7.3,0.194328862,,,
4/7/21,Honig,5,Challenging,3,V,A,208,62.25875625,4.515925624,33.22531812,2.472434036,175.5267102,0.097577736,3.747920641,2.459203836,24.09162819,832.4856,1.130730381,49.89720226,7.5,0.187153817,,,
4/7/21,Honig,5,Challenging,1,V,B,140.1,64.28571429,4.156701031,31.55758468,1.21347787,113.5702779,0.103651851,3.580772042,2.52459671,18.74345356,412.5816,1.151612277,30.10645978,7.5,0.106298971,,,
4/7/21,Honig,5,Challenging,2,V,B,148,64.85714286,4.09876341,31.04409373,0.835967964,57.49066005,0.120573815,3.078069131,2.365526703,12.11417406,282.4915663,1.06973582,19.36303699,7.4,0.053390034,,,
4/7/21,Honig,5,Challenging,3,V,B,194.4,61.57142857,4.704903341,33.72366809,1.043513843,50.79844826,0.09786209,2.709883881,1.13143058,10.18729874,362.4428571,0.967657343,26.36500129,7.5,0.141398739,,,
4/7/21,Honig,9,Ideal,1,T,A,270.1,43.1834404,8.349066795,48.46749281,1.726781976,236.6404458,0.126041041,3.520881004,7.17712829,27.22860442,685.5192,1.131216006,35.17810235,7.4,0.141433593,,,
4/7/21,Honig,9,Ideal,2,T,A,159.6,47.71428571,6.341501402,45.94421288,1.452434261,143.6720679,0.131811761,4.986349481,5.198045271,20.15084787,622.5336,1.306429681,36.98177239,7.5,0.112826146,,,
4/7/21,Honig,9,Ideal,3,T,A,234.1,49.25160371,5.481483224,45.26691307,1.932973915,146.2172,0.112819708,4.316442565,4.353855089,30.96165253,732.7584,1.237956488,42.15439206,7.3,0.146600169,,,
4/7/21,Honig,9,Ideal,1,T,B,232.6,43.21428571,8.521569175,48.26414511,1.049368462,88.63766422,0.118104406,4.712450133,5.443080353,13.15466795,442.3051793,1.311674437,19.56696681,7.3,0.107349784,,,
4/7/21,Honig,9,Ideal,2,T,B,169.5,50.67808708,5.660893017,43.6610199,1.669010599,125.9673821,0.116925107,5.47139908,5.607079677,33.56600528,586.35,1.471930847,38.03527451,7.5,0.149874765,,,
4/7/21,Honig,9,Ideal,3,T,B,175.8,48.60813704,6.75528731,44.63657564,1.673497372,114.8467936,0.107663376,4.850028337,4.850073705,50.04949958,625.2812749,1.23951049,36.17340484,7.5,0.126789829,,,
4/7/21,Honig,9,Ideal,1,V,A,253.9,46.64285714,9.147548774,44.20959408,2.132844605,228.5897444,0.109341529,4.215393289,5.123656178,28.66662521,783.1301205,1.042832168,53.33703042,7.6,0.155211995,,,
4/7/21,Honig,9,Ideal,2,V,A,217,50.24982156,7.846931147,41.9032473,1.690272744,245.6203477,0.114650342,5.441931057,7.23776519,37.89494872,743.256,0.936091686,63.06818454,7.6,0.144181215,,,
4/7/21,Honig,9,Ideal,3,V,A,232.9,51.14285714,7.588449788,41.26869307,1.706103389,157.1989801,0.103329932,6.214560615,1.201894332,36.88580433,640.9649402,1.047105672,60.27452834,7.5,0.13721829,,,
4/7/21,Honig,9,Ideal,1,V,B,221.6,51.39186296,7.491169146,41.1169679,0.967376486,69.57787964,0.115804419,3.840258345,1.509342865,13.93471036,442.3051793,1.09450272,18.52235302,7.5,0.093072474,,,
4/7/21,Honig,9,Ideal,2,V,B,183.1,51.99714693,7.321997108,40.68085596,1.03902441,67.35776796,0.138539274,2.912843588,1.271800227,14.20798337,333.8496,1.057206682,21.33681418,7.5,0.089356066,,,
4/7/21,Honig,9,Ideal,3,V,B,182.7,52.03716941,7.149280625,40.81354997,1.14648856,42.1401541,0.133084886,3.5193419,4.601559843,13.41805264,349.596,1.172785548,20.76238655,7.4,0.118342113,,,
2/24/21,Jericho,Fifteen,Challenging,1,T,A,92.1,46.7189729,5.739175027,47.54185208,2.827805557,8.436197393,0.326478149,26.38947927,24.85381514,99.99280563,806.1686747,1.196192696,63.82696773,6.6,0.250878783,,,
2/24/21,Jericho,Fifteen,Challenging,2,T,A,104.8,48.25124911,5.639512714,46.10923818,2.754647747,5.838883141,0.334161491,30.52475198,27.31746816,110.1953287,899.0749004,1.306332556,86.62270274,6.5,0.24806328,,,
2/24/21,Jericho,Fifteen,Challenging,3,T,A,126.2,45.39614561,6.899653043,47.70420135,1.36489211,645.7501893,0.301668806,29.58572628,18.24290638,50.39192274,922.1060241,1.02991453,51.78554603,6.6,0.129708526,,,
2/24/21,Jericho,Fifteen,Challenging,1,T,B,53.82,52.17701642,5.55394991,42.26903367,2.077955452,174.7791734,0.229927007,25.24489936,23.04875027,19.67883992,470.3880478,1.384129759,3.147015999,6.6,0.183284733,,,
2/24/21,Jericho,Fifteen,Challenging,2,T,B,78.87,46.96645253,5.625366835,47.40818063,1.014458818,455.6261298,0.327784891,29.96014403,23.42042727,44.7304962,718.9632,1.251359751,35.88014929,6.6,0.102737574,,,
2/24/21,Jericho,Fifteen,Challenging,3,T,B,52.99,44.11134904,5.756492766,50.1321582,2.831119655,398.3580832,0.25308642,17.42271475,13.49763518,30.82322024,344.9187251,1.114316239,14.08038049,6.5,0.219763336,,,
2/24/21,Jericho,Fifteen,Challenging,1,V,A,108.9,39.13352273,5.597070923,55.26940635,2.475828731,242.0349192,0.367239102,22.86050615,23.98943014,38.21743599,853.5975904,1.092948718,17.2362764,6.8,0.221518683,,,
2/24/21,Jericho,Fifteen,Challenging,2,V,A,113,46.39027877,5.307079617,48.30264161,2.276216851,92.033318,0.315656566,27.58446532,19.31713438,44.7858312,829.7288538,1.084304584,64.12271404,6.5,0.193169431,,,
2/24/21,Jericho,Fifteen,Challenging,3,V,A,89.05,40.24303074,7.036598229,52.72037103,1.463238799,138.1991528,0.27826087,16.84485714,15.75621472,21.07160358,679.3185771,0.97047397,31.76233357,6.8,0.141431854,,,
2/24/21,Jericho,Fifteen,Challenging,1,V,B,89.87,38.07142857,5.541122895,56.38744853,1.660780832,22.93179067,0.365333333,27.40768773,22.33016188,77.46291245,463.0094118,1.171911422,7.49269974,6.7,0.151181681,,,
2/24/21,Jericho,Fifteen,Challenging,2,V,B,110.5,46.28571429,5.649957519,48.0643282,0.84990783,150.9659771,0.279650437,18.50537938,25.42653313,11.25451773,423.3370518,1.253010878,38.83160155,6.5,0.082544234,,,
2/24/21,Jericho,Fifteen,Challenging,3,V,B,83.77,44.11134904,6.488087165,49.4005638,1.255344331,169.4022167,0.270136307,15.61556346,16.2394473,5.69376696,523.6983871,0.983003108,18.45078274,6.6,0.116862958,,,
2/24/21,Jericho,Seven,Ideal,1,T,A,100.7,41.08416548,10.19370771,48.72212681,3.192236338,441.8832225,0.334203655,18.82487273,15.00260964,31.12280484,1024.544223,1.046037296,26.03203988,6.6,0.285658057,,,
2/24/21,Jericho,Seven,Ideal,2,T,A,79.72,36.35714286,8.328336542,55.3145206,3.154364715,38.49939274,0.397574124,19.66496105,15.73029897,64.06980875,1054.785882,1.002913753,50.84836953,6.6,0.284378556,,,
2/24/21,Jericho,Seven,Ideal,3,T,A,89.92,42.54104211,8.123967857,49.33499003,3.771055609,77.67509651,0.289473684,16.37888115,14.73838483,48.4581207,1002.3984,0.871794872,38.69052497,6.7,0.325947292,,,
2/24/21,Jericho,Seven,Ideal,1,T,B,74.67,42.28571429,6.45280236,51.26148335,1.268825551,52.99101627,0.872222222,95.15137438,72.14075713,31.12280484,320.0544,0.982420357,2.460068849,6.6,0.122300215,,,
2/24/21,Jericho,Seven,Ideal,2,T,B,50.51,36.78571429,7.932383785,55.28190193,1.183653257,218.3963503,0.320051414,16.08532245,11.88524251,64.06980875,384.5783133,0.887820513,27.67584272,6.6,0.114604564,,,
2/24/21,Jericho,Seven,Ideal,3,T,B,60.38,40,8.181818182,51.81818182,1.554212821,119.8472865,0.246135553,22.06078388,13.4743669,48.4581207,554.0342629,1.17035742,32.65124071,6.5,0.145010779,,,
2/24/21,Jericho,Seven,Ideal,1,V,A,92.91,42.88777698,6.82026654,50.29195648,2.256069036,568.8871646,0.268691589,20.66884083,21.41642647,57.89795723,682.4322581,1.277195027,12.32319044,7.0,0.205838397,,,
2/24/21,Jericho,Seven,Ideal,2,V,A,81.6,43.07142857,7.288197263,49.64037417,2.491451211,116.1472859,0.264197531,19.58598571,19.62710884,20.11960518,726.5545817,1.153457653,35.69867342,6.8,0.235590044,,,
2/24/21,Jericho,Seven,Ideal,3,V,A,113.5,40.82798001,5.70056016,53.47145983,3.018809879,14.7585296,0.36631016,164.1597919,29.58826615,48.4581207,838.6588235,1.151418026,54.80226074,6.8,0.272501403,,,
2/24/21,Jericho,Seven,Ideal,1,V,B,50.59,41.21428571,7.159573546,51.62614074,0.88520292,26.3433164,0.251851852,18.16569041,17.91741415,55.59359885,454.9137097,1.234654235,18.75033624,6.8,0.085082965,,,
2/24/21,Jericho,Seven,Ideal,2,V,B,66.66,45.33143264,6.546992839,48.12157452,1.114032832,39.20290712,0.325376884,22.26037098,21.55674535,55.59359885,516.4937008,1.230089355,18.74100393,6.8,0.106262577,,,
2/24/21,Jericho,Seven,Ideal,3,V,B,63.44,41.1722659,6.943001373,51.88473272,1.004028614,329.6478056,0.401069519,22.6327625,18.69245045,55.59359885,395.1180723,1.073135198,23.31837714,6.4,0.092174255,,,
4/6/21,Matthiason,Bad,Challenging,1,T,A,80.08,25.42857143,18.48414848,56.08728009,2.520237168,172.8631781,0.145717464,4.411502182,5.653074275,44.31972305,727.5096,1.238150738,11.48705342,6.8,0.192948546,,,
4/6/21,Matthiason,Bad,Challenging,2,T,A,74.49,24.14285714,19.07208022,56.78506264,2.226352831,67.42733174,0.14159292,3.926781464,4.38313175,31.02657597,738.0072,1.202117327,21.37556934,6.6,0.178453418,,,
4/6/21,Matthiason,Bad,Challenging,3,T,A,70.36,21.78571429,22.48308968,55.73119604,2.107056176,51.1876887,0.132138858,4.317870639,3.374320951,27.38847473,617.2848,1.213675214,49.46231824,6.7,0.177063925,,,
4/6/21,Matthiason,Bad,Challenging,1,T,B,54.65,21.21428571,21.46116698,57.3245473,1.776861264,34.20780226,0.151898734,2.661886258,3.838578246,16.95891113,559.548,1.219599845,8.046062779,6.9,0.145712204,,,
4/6/21,Matthiason,Bad,Challenging,2,T,B,47.77,15.78571429,24.58685178,59.62743393,1.675423422,33.99855935,0.153669725,5.579142444,3.495176362,15.54510735,461.6674699,1.193764569,7.139919015,6.6,0.142382126,,,
4/6/21,Matthiason,Bad,Challenging,3,T,B,48.44,19.28571429,25.04437179,55.66991393,1.76686337,83.51760347,0.146757679,3.242836535,3.425141651,16.01974765,505.0398406,1.142968143,9.503121103,6.5,0.144699492,,,
4/6/21,Matthiason,Bad,Challenging,1,V,A,137.9,26.83797288,20.49181826,52.67020886,2.965498744,81.61831886,0.138165345,4.893028176,4.993613062,26.01077476,748.5048,1.197649573,11.40544247,7.4,0.213720089,,,
4/6/21,Matthiason,Bad,Challenging,2,V,A,106.2,27.80557541,19.91791423,52.27651036,2.534899673,73.35201251,0.154994259,2.36409545,4.017111102,13.52172633,706.5144,1.220668221,14.19607087,7.5,0.199245498,,,
4/6/21,Matthiason,Bad,Challenging,3,V,A,202.7,22.467903,23.33680076,54.19529624,2.522903521,34.69459536,0.151548673,4.71224186,3.977088513,24.64680984,798.939759,1.318473193,30.22924817,7.7,0.207613613,,,
4/6/21,Matthiason,Bad,Challenging,1,V,B,130.4,25.82025678,20.65142731,53.52831591,1.908130416,53.34645962,0.150880459,4.426886225,5.068765562,22.66184648,559.548,1.252039627,36.02823838,7.1,0.155837497,,,
4/6/21,Matthiason,Bad,Challenging,2,V,B,94.76,24.67902996,21.53861786,53.78235218,1.666995189,26.46900433,0.179069767,7.647772994,3.597359601,12.20812481,524.9060241,1.135586636,8.666693456,7.6,0.132803476,,,
4/6/21,Matthiason,Bad,Challenging,3,V,B,124.8,25.5,21.31923184,53.18076816,1.976819528,27.41919445,0.149829739,3.920731503,4.509320835,21.56726005,428.328,1.267288267,5.079564954,7.7,0.145544236,,,
4/6/21,Matthiason,Good,Ideal,1,T,A,77.08,31.2633833,14.40330813,54.33330858,2.120463097,46.86471239,0.159453303,3.278848573,5.327904898,33.9521578,591.0408,1.366064491,31.56249053,6.6,0.161763566,,,
4/6/21,Matthiason,Good,Ideal,2,T,A,83.18,33.14326443,12.72244752,54.13428805,2.18078505,71.34513941,0.16590389,6.837438159,6.282650119,32.48562643,661.83083,1.266996892,6.079528581,6.2,0.162536651,,,
4/6/21,Matthiason,Good,Ideal,3,T,A,77.81,29.67189729,7.740584717,62.58751799,2.098249332,100.0144052,0.14709236,4.244585712,3.918483698,25.68557801,622.5336,1.293123543,49.89756251,6.2,0.169073205,,,
4/6/21,Matthiason,Good,Ideal,1,T,B,60.58,30.6923626,14.28134304,55.02629436,1.658963089,58.71764904,0.162817552,3.395115818,3.774611572,39.06763363,407.3328,1.181332556,27.61714911,6.1,0.138275456,,,
4/6/21,Matthiason,Good,Ideal,2,T,B,52.68,29.83583155,13.21036216,56.95380629,1.395199806,52.69834962,0.153761062,2.473344795,3.630640845,13.68324845,410.6177419,0.938228438,22.9095513,5.9,0.120664751,,,
4/6/21,Matthiason,Good,Ideal,3,T,B,54.17,26.6952177,15.23053386,58.07424843,1.299945666,43.95631379,0.158675799,4.489570104,3.364412861,13.50816761,187.6337349,1.194153069,6.024371455,5.6,0.116901558,,,
4/6/21,Matthiason,Good,Ideal,1,V,A,126.5,34.26124197,15.32047326,50.41828477,2.878412213,51.99412019,0.183082271,7.367308259,7.658290511,45.17952521,672.3322709,1.40472028,66.64251819,7.1,0.218028275,,,
4/6/21,Matthiason,Good,Ideal,2,V,A,126.1,33.07142857,15.33878623,51.5897852,2.382439081,64.64625909,0.163656885,5.518324803,4.571238279,41.47077652,513.45,1.414432789,40.53598907,6.8,0.168918945,,,
4/6/21,Matthiason,Good,Ideal,3,V,A,146.6,33.85602281,15.23088957,50.91308762,2.422831283,41.96911846,0.153932584,6.526213937,8.446388548,38.23878778,738.6677419,1.319055944,10.4521033,7.4,0.194219801,,,
4/6/21,Matthiason,Good,Ideal,1,V,B,74.06,31.42857143,15.98885794,52.58257063,1.440643052,24.93998606,0.127109111,3.918423167,3.690342607,17.0452732,306.3800797,1.336344211,24.84272317,6.8,0.121453581,,,
4/6/21,Matthiason,Good,Ideal,2,V,B,75.86,31.14285714,15.64382794,53.21331492,1.300241509,48.89933233,0.187203791,4.284129534,4.631640493,18.61882073,299.5040323,1.372474747,10.20820875,6.5,0.111819539,,,
4/6/21,Matthiason,Good,Ideal,3,V,B,103.9,31.73695497,16.00989951,52.25314552,1.4746799,6.545023119,0.166292135,7.379584979,3.807265176,14.94398868,424.7783133,1.198135198,34.69094024,7.2,0.129295391,,,
4/14/21,Moulds,Hill,Ideal,1,T,A,182.2,24.35714286,20.14470834,55.49814881,3.118780204,331.5559203,0.195779601,6.667200789,14.45013756,51.06373837,891.7128,1.244172494,9.758522232,6.5,0.240551052,,,
4/14/21,Moulds,Hill,Ideal,2,T,A,319.3,28.64285714,17.88632918,53.47081368,3.65454318,140.0026849,0.182033097,2.910060652,6.986808599,44.32519658,1059.336,1.101689977,32.3190531,6.7,0.28739037,,,
4/14/21,Moulds,Hill,Ideal,3,T,A,251.5,25.85714286,20.50382402,53.63903313,3.400122493,226.0588734,0.19239905,6.188052102,9.950339958,36.683464,1021.4856,1.122766123,3.828952687,6.7,0.269585396,,,
4/14/21,Moulds,Hill,Ideal,1,T,B,125,21.68330956,22.07369706,56.24299339,1.98566887,141.0026617,0.188679245,4.414212093,7.500151316,24.47648023,567.2808,1.171522922,4.670139779,6.2,0.144562333,,,
4/14/21,Moulds,Hill,Ideal,2,T,B,337,28.07142857,17.56620098,54.36237045,2.743845268,131.5549455,0.172293364,2.568039696,4.595867943,24.86299847,748.1330677,1.002331002,18.5495128,6.0,0.220089959,,,
4/14/21,Moulds,Hill,Ideal,3,T,B,201.1,22.64285714,21.98796466,55.36917819,2.038208409,113.3000375,0.187864644,3.353072318,5.530202398,19.85973816,572.688,1.101204351,17.66587041,5.9,0.157803928,,,
4/14/21,Moulds,Hill,Ideal,1,V,A,273.2,23.65975697,19.54003345,56.80020958,2.64591612,127.6785714,0.158016148,2.598984676,3.769211891,35.48463903,788.976,1.173951049,5.197548161,6.7,0.20842853,,,
4/14/21,Moulds,Hill,Ideal,2,V,A,117,20.72909221,21.55938314,57.71152465,2.038281663,108.3361809,0.167247387,3.447117832,3.526887734,19.33066296,502.3944,1.063228438,3.251875007,6.5,0.152889247,,,
4/14/21,Moulds,Hill,Ideal,3,V,A,195.9,22.01572552,21.80665691,56.17761757,0.004243034,123.1310811,0.189189189,4.982562549,4.622851642,27.70544563,718.6824,1.129662005,35.69686659,6.8,NA,,,
4/14/21,Moulds,Hill,Ideal,1,V,B,205.9,17.9413867,24.30204963,57.75656366,1.624155983,98.08470469,0.182567727,1.932413839,3.539068745,15.50079593,448.3224,1.238442113,16.02052651,6.0,0.097050959,,,
4/14/21,Moulds,Hill,Ideal,2,V,B,132,19.65689778,24.11245314,56.23064908,1.785878051,90.82370326,0.220747889,2.874949768,4.278630721,11.73124829,453.7296,1.032634033,13.154791,6.1,0.136473636,,,
4/14/21,Moulds,Hill,Ideal,3,V,B,171.2,20.37169407,22.81692626,56.81137967,1.827812171,128.6100542,0.203791469,1.841210953,3.52539494,15.39670162,464.544,1.072066822,14.07749372,6.1,0.126202375,,,
4/14/21,Moulds,Rocky,Challenging,1,T,A,140.6,30.28571429,14.15881849,55.55546722,2.204055866,99.80311138,0.13220339,2.476508407,5.723158101,33.29498711,626.76,1.21474359,17.53847111,7.9,0.178438251,,,
4/14/21,Moulds,Rocky,Challenging,2,T,A,155.6,31.07142857,12.86791791,56.06065352,2.54681856,75.184263,0.134615385,3.374153048,7.212149243,37.29214509,756.5328,1.214257964,12.30802596,7.9,0.197546828,,,
4/14/21,Moulds,Rocky,Challenging,3,T,A,201,33.21428571,12.8746434,53.91107089,3.26028316,197.9456754,0.140589569,3.491483373,10.20890756,41.039025,864.6768,1.17987568,16.23105407,8.0,0.238050469,,,
4/14/21,Moulds,Rocky,Challenging,1,T,B,86.67,27,16.17409995,56.82590005,1.524890984,17.52099393,0.150401837,2.385514685,4.652166515,16.61906749,372.6216,1.220182595,9.763350216,7.8,0.133448079,,,
4/14/21,Moulds,Rocky,Challenging,2,T,B,81.86,27.21428571,15.13195585,57.65375844,1.16499269,12.7368296,0.156996587,3.036875238,5.043681819,19.80990246,713.2752,1.289432789,6.24784555,8.0,0.100402465,,,
4/14/21,Moulds,Rocky,Challenging,3,T,B,120.6,28.14285714,15.20828659,56.64885627,1.824400862,64.16279865,0.164936563,2.25042579,6.559350766,27.28390583,448.3224,1.348970474,12.87006736,8.2,0.121251449,,,
4/14/21,Moulds,Rocky,Challenging,1,V,A,138.9,28,15.41491597,56.58508403,2.84643892,328.9344048,0.177777778,2.163492742,6.138438764,35.11319271,837.6408,1.328477078,7.75555875,7.7,0.202209997,,,
4/14/21,Moulds,Rocky,Challenging,2,V,A,156.2,30.67047076,13.56755665,55.7619726,2.402525396,125.4440622,0.114317425,3.51056242,5.655913104,24.34967193,751.1256,1.384324009,32.44176997,8.0,0.17148178,,,
4/14/21,Moulds,Rocky,Challenging,3,V,A,179.8,29.94996426,13.63523239,56.41480335,2.936764902,113.2435492,0.162629758,3.138385326,8.385055607,30.10311125,816.012,1.148212898,22.29273049,7.9,0.238216221,,,
4/14/21,Moulds,Rocky,Challenging,1,V,B,103.9,23.76873662,17.38815582,58.84310757,1.188513027,137.6316964,0.550925926,4.003955317,10.96096258,33.99510263,286.1064,1.301476301,6.749973225,7.8,0.078636277,,,
4/14/21,Moulds,Rocky,Challenging,2,V,B,92.43,27.21428571,14.65072757,58.13498671,1.076888429,77.36938776,0.142857143,1.720009065,4.814872846,16.31292365,311.8948207,1.205613831,3.593701158,8.0,0.087533267,,,
4/14/21,Moulds,Rocky,Challenging,3,V,B,121.2,26.6952177,15.82568794,57.47909436,1.269784638,76.23996571,0.177985948,4.060425022,5.742829768,13.87169051,388.8432,1.233682984,5.343276953,7.9,0.108327739,,,
3/1/21,Nord,Jonquil,Challenging,1,T,A,104.6,34.85714286,13.73440748,51.40844966,1.938908789,187.7573676,0.223809524,32.37306458,15.5002632,21.48948275,782.1779528,1.307206682,10.35704357,6.4,0.136437444,,,
3/1/21,Nord,Jonquil,Challenging,2,T,A,94.05,36.71428571,13.51639396,49.76932033,1.131890714,190.6292609,0.221957041,33.02199267,13.07742859,15.74206438,707.8048193,1.232517483,50.03929225,6.1,0.108726609,,,
3/1/21,Nord,Jonquil,Challenging,3,T,A,75.84,30.78571429,15.24370875,53.97057696,1.071884471,70.52306353,0.205495818,2.056474016,13.63675599,47.35212809,691.3992095,1.177544678,61.5092178,6.0,0.101146676,,,
3/1/21,Nord,Jonquil,Challenging,1,T,B,61.81,34.07142857,13.99491934,51.93365209,0.968211828,256.5535628,0.19047619,19.26420956,14.29902378,13.24372404,588.8664,1.253690754,7.1850376,6.0,0.090962295,,,
3/1/21,Nord,Jonquil,Challenging,2,T,B,64.47,35.78571429,13.3777877,50.83649801,3.101075234,413.3902582,0.213704994,22.79679874,14.9080248,0.848300352,423.5665339,1.280205905,10.14806667,6.0,0.280938965,,,
3/1/21,Nord,Jonquil,Challenging,3,T,B,57.86,35.28571429,14.09380839,50.62047733,2.825094821,58.25537021,0.192265193,1.335994087,11.92138866,17.95640496,540.4137097,1.324786325,6.508793385,5.8,0.240023523,,,
3/1/21,Nord,Jonquil,Challenging,1,V,A,176.2,35.90292648,13.85827638,50.23879714,1.26789819,373.7968681,0.188439306,19.60946813,18.01013026,15.69392539,733.1193676,1.351592852,23.62111394,6.1,0.103820884,,,
3/1/21,Nord,Jonquil,Challenging,2,V,A,181.9,35.88277341,14.11283967,50.00438692,0.828125937,40.63774276,0.16722408,1.331554378,33.67795609,23.47853813,529.7733871,1.356351981,36.37961988,6.2,0.067502049,,,
3/1/21,Nord,Jonquil,Challenging,3,V,A,156.1,35.07142857,14.19791026,50.73066116,1.4546353,215.3783197,0.156906077,1.040394012,23.73440896,22.78503616,618.3889328,1.392968143,4.160833182,6.1,0.09450121,,,
3/1/21,Nord,Jonquil,Challenging,1,V,B,188.1,35.3528154,13.79921544,50.84796917,2.262498138,398.4429988,0.186781609,18.40876341,24.30758681,8.295182365,432.3571429,1.332944833,5.981560132,6.1,0.19263471,,,
3/1/21,Nord,Jonquil,Challenging,2,V,B,125.7,34.31022159,14.11487063,51.57490778,0.667149743,100.4083843,0.186936937,1.254635789,25.87467292,11.78514617,537.259919,1.396464646,4.212789236,6.1,0.035957325,,,
3/1/21,Nord,Jonquil,Challenging,3,V,B,131,34.21428571,14.69223937,51.09347492,1.391242713,78.89076478,0.183050847,2.065368183,31.55697863,19.48931915,398.8728,2.206779332,4.883811633,5.9,0.090041451,,,
3/1/21,Nord,Oakview,Ideal,1,T,A,156,20.85714286,15.12345679,64.01940035,1.967565892,408.5895072,0.203023758,4.328818426,27.05688242,57.08401238,626.0785714,2.00475913,11.71381517,7.2,0.174539199,,,
3/1/21,Nord,Oakview,Ideal,2,T,A,98.61,18.21428571,18.03515531,63.75055898,1.126532687,472.7900859,0.158185841,2.379994059,11.6632219,22.80794267,544.4677291,1.23951049,12.3963568,7.8,0.064809952,,,
3/1/21,Nord,Oakview,Ideal,3,T,A,124.1,16.28571429,18.81758825,64.89669747,1.464598126,19.5474525,0.171893148,1.600075958,11.65337166,31.18910926,851.2142857,1.062451437,82.95217783,7.3,0.11528812,,,
3/1/21,Nord,Oakview,Ideal,1,T,B,90.25,19.78571429,16.21758556,63.99670016,2.062065319,246.5628475,0.192560175,1.860096559,12.38477204,14.93516536,400.9428571,1.392579643,19.47704199,7.1,0.174320055,,,
3/1/21,Nord,Oakview,Ideal,2,T,B,70.29,13.71428571,19.88812583,66.39758845,1.207146588,285.8959643,0.191037736,1.781674606,12.90210771,12.82070764,322.4071429,1.354215229,19.97546868,7.8,0.087758358,,,
3/1/21,Nord,Oakview,Ideal,3,T,B,62.56,19.31575196,17.16948227,63.51476577,2.093379891,53.48097376,0.177011494,3.103389256,13.23088544,12.93678958,370.1685484,1.359654235,11.85027221,7.1,0.150955715,,,
3/1/21,Nord,Oakview,Ideal,1,V,A,312.8,19.04422254,19.14837595,61.80740151,1.051987136,126.6731043,0.211711712,2.074289124,43.01050318,42.76948511,773.5824,1.625679876,12.81522068,7.8,0.062718512,,,
3/1/21,Nord,Oakview,Ideal,2,V,A,175.5,18.57142857,18.65109628,62.77747515,1.895343327,293.4888652,0.210580913,1.900402362,16.59131862,28.02514932,507.6717131,1.271561772,8.252583449,7.9,0.147410804,,,
3/1/21,Nord,Oakview,Ideal,3,V,A,175.7,19.44444444,17.1682503,63.38730526,1.36332401,613.3614034,0.203056769,1.110925604,17.12649684,22.09433377,592.313834,1.196872572,8.015359464,7.7,0.083554163,,,
3/1/21,Nord,Oakview,Ideal,1,V,B,198.2,17.71428571,17.47947615,64.80623813,1.856642693,194.6085515,0.221563981,2.35589621,18.91955323,15.86607144,418.05,1.648504274,5.534851663,7.8,0.130380064,,,
3/1/21,Nord,Oakview,Ideal,2,V,B,133.5,17,18.83298393,64.16701607,1.227846109,155.747701,0.229268293,2.575500291,16.21738132,9.784217673,374.7642857,1.282536908,21.76560874,7.7,0.116873015,,,
3/1/21,Nord,Oakview,Ideal,3,V,B,151.3,18.37606838,17.49560275,64.12832887,0.898949901,139.9445698,0.220095694,1.513630418,16.04114374,11.31100398,599.4216,1.338772339,4.056407262,7.3,0.057888709,,,
4/13/21,Palisades ,Calistoga,Ideal,1,T,A,123.1,38.11563169,12.65345745,49.23091086,1.619446104,129.8372557,0.121606949,7.150483461,5.969488643,21.05902685,534.8376,1.352564103,34.78338093,7.8,0.101153624,,,
4/13/21,Palisades ,Calistoga,Ideal,2,T,A,183.5,39.64285714,12.64221001,47.71493285,1.756212306,133.5778089,0.139484979,10.12663375,1.9770581,44.56223868,561.8736,1.358974359,16.49733871,7.6,0.12984822,,,
4/13/21,Palisades ,Calistoga,Ideal,3,T,A,213.8,40.5,11.75506861,47.74493139,1.990235115,196.997381,0.135555556,10.80075542,14.94493104,44.45846331,670.0176,1.389957265,25.84097619,7.8,0.132634057,,,
4/13/21,Palisades ,Calistoga,Ideal,1,T,B,92.84,37.33047823,13.14234906,49.52717271,1.125150964,39.23052234,0.127753304,6.461873305,6.063663566,13.74573482,410.472,1.508838384,9.028213545,7.9,0.064390509,,,
4/13/21,Palisades ,Calistoga,Ideal,2,T,B,88.99,36.92857143,13.65864319,49.41278538,0.862917229,63.58817952,0.132743363,8.884315321,5.148985409,14.96957285,280.6992,0.962801088,13.12622656,7.6,0.052761567,,,
4/13/21,Palisades ,Calistoga,Ideal,3,T,B,143.7,39.07142857,12.14249272,48.78607871,1.128075795,79.99414759,0.134615385,6.854215559,4.966129492,18.41382707,415.8792,1.179195804,23.24918328,7.8,0.056861926,,,
4/13/21,Palisades ,Calistoga,Ideal,1,V,A,203.2,37.57142857,13.68992535,48.73864608,2.063411857,270.8443046,0.118736383,5.675810315,5.446187599,33.05907808,691.6464,1.320998446,24.32851473,7.8,0.155779384,,,
4/13/21,Palisades ,Calistoga,Ideal,2,V,A,184.8,40.25695931,12.37996388,47.3630768,NA,167.0015134,0.11328976,7.876442281,9.351336848,32.89168302,642.9816,1.073038073,18.91567983,7.5,NA,,,
4/13/21,Palisades ,Calistoga,Ideal,3,V,A,203.7,40.28469751,11.93638645,47.77891604,2.151387343,177.7940232,0.120842572,9.419275822,9.906645466,57.15618185,729.4968,1.296134421,43.77536448,7.6,0.164623445,,,
4/13/21,Palisades ,Calistoga,Ideal,1,V,B,147.3,36.09129815,14.11724026,49.79146159,1.263587647,82.91601633,0.153142857,4.774357974,1.638552383,15.40946407,410.472,1.181721057,8.971397979,7.9,0.087504999,,,
4/13/21,Palisades ,Calistoga,Ideal,2,V,B,124,40.24303074,12.42720857,47.3297607,1.165259683,90.32910714,0.115217391,5.506243767,5.40375075,15.95705002,399.6576,1.065268065,14.73500581,7.6,0.07566088,,,
4/13/21,Palisades ,Calistoga,Ideal,3,V,B,177.9,39.55808981,12.61498953,47.82692066,0.70660387,38.9859955,0.125984252,4.09855564,3.172880069,10.12555267,280.6992,1.059246309,12.69486323,7.1,0.03376803,,,
4/13/21,Palisades ,Mt. Veeder,Challenging,1,T,A,180.2,43.32619557,8.836232042,47.83757238,2.515651367,226.9659894,0.102844639,8.677334069,5.316040107,50.0365556,772.7544,1.269910645,32.75333683,6.7,0.189885001,,,
4/13/21,Palisades ,Mt. Veeder,Challenging,2,T,A,199.5,41.92857143,9.428954653,48.64247392,2.962850396,250.7762775,0.113186813,8.072406166,10.54336545,52.15507313,853.8624,1.290501166,36.59169965,6.7,0.195258916,,,
4/13/21,Palisades ,Mt. Veeder,Challenging,3,T,A,193.9,36.83083512,11.49278464,51.67638025,2.853675784,198.4178453,0.113062569,3.903221323,3.570918643,45.28672587,853.8624,1.16501554,29.09564368,6.8,0.231329635,,,
4/13/21,Palisades ,Mt. Veeder,Challenging,1,T,B,93.64,57.14285714,5.352941176,37.50420168,1.037095788,118.1044748,0.104575163,4.853882953,3.709375009,15.32498724,296.9208,1.261072261,8.63720294,7.1,0.047770895,,,
4/13/21,Palisades ,Mt. Veeder,Challenging,2,T,B,93.69,36.90221271,11.17130042,51.92648687,1.502647726,112.6246469,0.128089888,3.050626222,3.264506093,20.48434978,453.7296,1.133255633,20.92730226,6.8,0.119670443,,,
4/13/21,Palisades ,Mt. Veeder,Challenging,3,T,B,97.52,34.42857143,11.92426129,53.64716729,1.427280717,74.24702838,0.11160221,3.281185554,3.171908619,17.49289915,473.4645418,1.230866356,11.09957025,7.0,0.099574307,,,
4/13/21,Palisades ,Mt. Veeder,Challenging,1,V,A,276.8,44.28571429,8.927591882,46.78669383,3.158803106,136.4886455,0.088552916,5.225016638,5.12652962,22.85224363,783.5688,1.274864025,31.75398025,6.6,0.368073794,,,
4/13/21,Palisades ,Mt. Veeder,Challenging,2,V,A,208.4,41.81558256,9.88878469,48.29563275,2.212578921,187.1149521,0.071278826,4.739986851,4.508674728,31.13318722,664.6104,1.207847708,17.52117693,6.5,0.181311679,,,
4/13/21,Palisades ,Mt. Veeder,Challenging,3,V,A,163.3,36.64285714,11.60111742,51.75602543,2.123433499,133.5659058,0.110867179,4.616302814,4.516301346,33.2002376,718.6824,1.265734266,25.66728505,6.6,0.173082418,,,
4/13/21,Palisades ,Mt. Veeder,Challenging,1,V,B,175.7,43.03073624,9.156730558,47.8125332,1.42572063,95.79001061,0.099009901,3.770844429,2.917018535,13.3143595,378.0288,1.286227661,11.42251135,6.7,0.10474133,,,
4/13/21,Palisades ,Mt. Veeder,Challenging,2,V,B,111.2,42.43937233,9.047825759,48.51280192,1.900263919,20.72510769,0.106359649,3.309663868,4.198230915,11.32914054,340.1784,1.091491841,12.47211802,6.7,0.124376508,,,
4/13/21,Palisades ,Mt. Veeder,Challenging,3,V,B,104,34.59343795,12.27051679,53.13604527,1.656490705,92.10406931,0.119553073,3.487649948,3.500774474,25.32432439,502.3944,1.203477078,16.64236299,7.2,0.139013472,,,
3/3/21,Pina,Buckeye,Challenging,1,T,A,109.6,35.85714286,12.46734213,51.67551502,1.133931911,202.8019538,0.285378246,3.691521514,9.136416246,55.70950449,937.188,1.032245532,51.22135904,6.6,0.09832009,,,
3/3/21,Pina,Buckeye,Challenging,2,T,A,153.9,32,13.68015414,54.31984586,1.685654665,190.281828,0.2998713,4.826661503,12.71857333,54.0481471,948.4015748,1.063908314,32.55537229,6.5,0.105580074,,,
3/3/21,Pina,Buckeye,Challenging,3,T,A,84.05,32.76836158,12.98229535,54.24934307,1.462552236,159.0965706,0.261176471,6.0700215,6.334942302,73.6679938,889.6896,1.023892774,28.93673343,6.5,0.094247646,,,
3/3/21,Pina,Buckeye,Challenging,1,T,B,84.1,28.57142857,14.60863722,56.81993421,1.615155844,93.1327893,0.288050314,5.851646775,12.92582094,37.8012426,538.2433735,1.799242424,1.686421948,6.2,0.105969764,,,
3/3/21,Pina,Buckeye,Challenging,2,T,B,59.98,28.92857143,14.68675363,56.38467494,2.662151721,104.8663338,0.263337117,2.901074306,5.796358869,14.07891585,491.2866142,1.030982906,16.08001228,6.2,0.194458602,,,
3/3/21,Pina,Buckeye,Challenging,3,T,B,74.26,28.21428571,14.53052081,57.25519347,2.033759921,90.21783711,0.258907363,3.374917816,4.443434521,21.77881926,501.6755906,1.032342657,21.90216717,6.2,0.17873946,,,
3/3/21,Pina,Buckeye,Challenging,1,V,A,173.1,30.71428571,14.40084836,54.88486593,5.772860844,166.6872722,0.627795527,6.104867427,51.33789115,188.4921431,987.3072581,1.060314685,99.69209039,6.4,0.233917273,,,
3/3/21,Pina,Buckeye,Challenging,2,V,A,117.1,30.87919943,14.42691861,54.69388196,1.163427768,163.117718,0.165413534,2.188478038,16.30842916,61.08148393,715.0857143,1.103438228,9.084414158,6.5,0.102303141,,,
3/3/21,Pina,Buckeye,Challenging,3,V,A,137.3,32.5,13.44457688,54.05542312,2.474752313,129.6341489,0.295396419,4.146672733,33.82316016,124.7868135,972.7445783,1.062548563,6.631807305,6.5,0.197452168,,,
3/3/21,Pina,Buckeye,Challenging,1,V,B,124.6,28.57142857,15.34814815,56.08042328,1.156135789,51.39144628,0.278894472,2.639440893,11.21817366,15.56636696,485.2554217,1.0503108,17.40045698,6.2,0.081228677,,,
3/3/21,Pina,Buckeye,Challenging,2,V,B,119.9,29.71428571,14.63811037,55.64760391,2.577815524,66.7504092,0.276066351,2.361933469,9.337003846,13.77604514,500.4214286,1.006216006,5.625784787,6.5,0.19837705,,,
3/3/21,Pina,Buckeye,Challenging,3,V,B,86.7,28.80629021,14.93565665,56.25805315,1.947981237,122.9563601,0.271929825,3.135006334,13.08231732,19.11462895,570.7505976,1.094794095,1.622181187,6.4,0.158196729,,,
3/3/21,Pina,D'Adamo,Ideal,1,T,A,65.1,42.14285714,10.27011658,47.58702628,1.323011186,24.92487581,0.128460687,2.688080796,2.681235055,22.87278158,612.0437247,0.868589744,12.70115669,6.8,0.10423281,,,
3/3/21,Pina,D'Adamo,Ideal,2,T,A,77.61,43.85714286,10.2093807,45.93347645,2.580950591,156.0947865,0.121546961,4.35008872,5.944083823,39.49367957,1029.228571,1.048174048,3.453756681,7.0,0.185105777,,,
3/3/21,Pina,D'Adamo,Ideal,3,T,A,70.84,44,11.63194444,44.36805556,2.469815538,161.1863427,0.130820399,2.808104106,4.991260569,36.26037517,753.2201613,1.146173271,12.66360596,6.9,0.183060085,,,
3/3/21,Pina,D'Adamo,Ideal,1,T,B,79.28,44.15954416,8.903924207,46.93653163,2.094594118,41.20284671,0.140237325,2.094012224,2.818786756,9.880249403,335.4519685,0.927738928,18.90687882,6.8,0.171952302,,,
3/3/21,Pina,D'Adamo,Ideal,2,T,B,61.48,41.11349036,10.1289434,48.75756623,1.521203523,53.66316398,0.120291616,2.733488847,3.883964547,21.98034831,623.0240964,0.961538462,9.275975891,7.0,0.122578608,,,
3/3/21,Pina,D'Adamo,Ideal,3,T,B,67.05,43,10.53354257,46.46645743,2.119516973,67.5071614,0.134509372,2.923361038,5.087246593,34.51205107,718.4024096,1.112956488,23.57144591,6.9,0.163352498,,,
3/3/21,Pina,D'Adamo,Ideal,1,V,A,127.4,43.36661912,10.52495778,46.1084231,1.46935749,32.95002198,0.109151047,2.31114367,16.36804242,21.71918351,827.7024194,1.22027972,2.230711186,7.0,0.119646042,,,
3/3/21,Pina,D'Adamo,Ideal,2,V,A,291.6,42.03002144,11.22855523,46.74142333,1.328427816,73.50098097,0.140331492,3.341452094,17.12898098,20.01256797,720.3214286,1.239316239,1.939020375,7.9,0.078535929,,,
3/3/21,Pina,D'Adamo,Ideal,3,V,A,201.4,42.87749288,10.15767125,46.96483587,1.382357667,114.3467521,0.134955752,2.181664843,31.1738777,27.42188928,746.5,1.124028749,20.51051773,6.6,0.102254975,,,
3/3/21,Pina,D'Adamo,Ideal,1,V,B,106.1,42.75517488,10.3987825,46.84604262,2.896135588,20.756677,0.14541387,2.387661188,17.73437639,10.83806967,527.6457831,1.22503885,6.817031651,7.0,0.20718809,,,
3/3/21,Pina,D'Adamo,Ideal,2,V,B,207.9,43,10.29815614,46.70184386,4.962315683,44.82704059,0.164960182,2.60168894,19.26652502,10.9733342,421.8857143,1.231157731,0.285424883,7.8,0.181366947,,,
3/3/21,Pina,D'Adamo,Ideal,3,V,B,162.7,43.67405289,9.97011818,46.35582893,5.53177846,37.85047537,0.162921348,2.071610013,27.5299131,7.268557746,397.7858268,1.002233877,17.12898445,6.5,0.222708657,,,
3/22/21,Schramsberg,Red,Challenging,1,T,A,108.9,29.57142857,16.23070792,54.19786351,5.868668077,177.6219958,0.371467026,10.01322184,4.437825041,40.53703767,1043.031873,1.065753691,72.68180307,6.9,0.10262062,,,
3/22/21,Schramsberg,Red,Challenging,2,T,A,123.9,28.64285714,16.9285952,54.42854766,2.974563584,67.20431681,0.326504481,6.211494004,13.45538871,29.24746439,945.0144,1.047397047,45.51306187,7.0,0.050859131,,,
3/22/21,Schramsberg,Red,Challenging,3,T,A,122.8,27.28571429,17.29581332,55.4184724,3.062677126,105.0354697,0.371004566,9.989609126,3.865994492,42.7914593,1126.856471,1.079059829,59.11160845,6.9,0.050948051,,,
3/22/21,Schramsberg,Red,Challenging,1,T,B,103.3,26.05281941,16.5601019,57.38707868,3.273233111,26.77861873,0.292494481,3.534797309,4.847386502,17.13657975,582.3322709,1.015345765,4.434518288,6.7,0.05443947,,,
3/22/21,Schramsberg,Red,Challenging,2,T,B,63.32,26.14285714,17.07651343,56.78062943,3.324431881,30.8956962,0.286075949,3.078308807,2.131866465,12.82891171,534.1195219,0.943861694,9.07593191,7.3,0.04448553,,,
3/22/21,Schramsberg,Red,Challenging,3,T,B,61.73,25.14164306,17.44529085,57.41306609,4.593083842,71.71287489,0.292906178,3.428982322,3.364985499,17.21367442,530.8776,1.098679099,10.80119141,6.8,0.158961297,,,
3/22/21,Schramsberg,Red,Challenging,1,V,A,63.21,29.78571429,16.18044787,54.03383784,5.011589536,3.381974434,0.278113664,3.140674489,2.934470233,17.2133632,484.4096386,1.061965812,14.08357856,7.3,0.146521725,,,
3/22/21,Schramsberg,Red,Challenging,2,V,A,110.1,26.42857143,17.50680669,56.06462188,2.395216235,24.89531806,0.277356446,2.496036413,7.186727957,17.94520972,657.2096386,0.991938617,23.39226942,7.8,0.088006892,,,
3/22/21,Schramsberg,Red,Challenging,3,V,A,71.8,26.53352354,17.15828244,56.30819403,2.952792223,7.047041517,0.273822563,3.543311147,4.450804318,17.98277314,686.8512,1.218725719,15.60541972,7.4,0.048706497,,,
3/22/21,Schramsberg,Red,Challenging,1,V,B,57.25,28.53067047,16.05678948,55.41254005,2.588829751,51.609453,0.277571252,2.756154586,2.739403505,12.19788925,346.625498,1.098096348,2.863084196,7.3,0.041012596,,,
3/22/21,Schramsberg,Red,Challenging,2,V,B,76.7,27.46077033,16.39615651,56.14307316,5.284526015,50.67923297,0.279098874,3.217557774,3.26929426,13.31129267,498.6072,1.10518648,17.38567572,7.9,0.08816855,,,
3/22/21,Schramsberg,Red,Challenging,3,V,B,68.88,26.48108494,16.47585983,57.04305523,3.359618435,16.22774214,0.277018634,3.348378612,3.11658413,12.87846496,468.2096386,1.178515929,9.613226583,7.7,0.052999477,,,
3/22/21,Schramsberg,White,Ideal,1,T,A,86.47,34,17.41443108,48.58556892,4.368045814,109.5239871,0.354194407,9.715782731,1.840658937,21.33565371,1050.730435,1.104895105,109.2912387,7.0,0.157741914,,,
3/22/21,Schramsberg,White,Ideal,2,T,A,70.32,41.09297374,13.72664872,45.18037754,2.105572568,123.7409902,0.314694408,5.712035512,1.69728122,43.03620003,702.9864,1.148698524,23.44275979,7.1,0.02955123,,,
3/22/21,Schramsberg,White,Ideal,3,T,A,79.22,34,17.66882516,48.33117484,1.149831977,67.49992598,0.334196891,7.52517685,3.227781436,17.11804573,896.6088,1.111985237,52.25260929,7.2,0.015506851,,,
3/22/21,Schramsberg,White,Ideal,1,T,B,46.64,36.11705924,15.68773317,48.19520759,0.875501741,64.55562546,0.262953368,2.97664871,2.58388941,20.30505565,437.5669355,1.228146853,49.11512204,6.9,0.03184223,,,
3/22/21,Schramsberg,White,Ideal,2,T,B,37.25,38.5,14.17957971,47.32042029,3.121372241,71.31073262,0.247904192,2.358027538,1.897346598,10.56530588,132.3466135,0.906857032,12.1036887,6.8,0.100806207,,,
3/22/21,Schramsberg,White,Ideal,3,T,B,48.76,38.87704335,14.15420912,46.96874753,2.107031086,23.12778818,0.250297974,3.471496557,2.583655167,15.170561,272.7144,1.169483294,29.94603989,6.6,0.030994352,,,
3/22/21,Schramsberg,White,Ideal,1,V,A,113.5,36.92857143,15.40694952,47.66447905,2.890098531,24.56108374,0.28817734,5.281058917,4.846870077,22.89712089,469.8358566,1.245823621,9.909325465,7.7,0.046082723,,,
3/22/21,Schramsberg,White,Ideal,2,V,A,56.45,36.93950178,15.91720372,47.1432945,1.309251054,18.88047503,0.265281174,5.328502133,5.442535436,22.71573827,357.0070588,1.1002331,32.89702846,7.1,0.013268264,,,
3/22/21,Schramsberg,White,Ideal,3,V,A,66.27,36.46723647,16.21601263,47.3167509,1.41004289,40.20264286,0.28875,5.559330102,11.51157283,13.41005671,578.5330645,1.099261849,21.49785913,7.1,0.018343968,,,
3/22/21,Schramsberg,White,Ideal,1,V,B,69.68,35.23945675,16.2078737,48.55266955,0.552253196,3.824693638,0.254994125,2.272787018,2.291373329,13.32692537,241.0023529,1.186383061,27.99595977,7.6,0.014897805,,,
3/22/21,Schramsberg,White,Ideal,2,V,B,41.36,37.64285714,15.63414559,46.72299727,3.747125802,23.00362319,0.262077295,1.896056092,1.758546205,7.638361142,140.8164706,0.680652681,28.87936464,7.3,0.085118077,,,
3/22/21,Schramsberg,White,Ideal,3,V,B,43.09,39.17083631,14.30344039,46.5257233,3.39080617,260.9846535,0.261138614,2.452910672,2.999129206,11.45542528,246.8096386,0.956390831,31.68248889,7.3,0.065984381,,,
3/8/21,Sinskey,Scintilla,Challenging,1,T,A,91.92,42.46966453,9.835806445,47.69452903,2.084291889,143.5525185,0.190758294,3.493387244,3.826471336,31.09356956,590.6928571,1.173853924,40.66334394,7.3,0.037474433,,,
3/8/21,Sinskey,Scintilla,Challenging,2,T,A,95.07,40.39971449,10.72826796,48.87201755,4.094538604,60.86313257,0.146258503,4.402549974,5.033327547,52.92404518,536.256,1.242327117,23.17657437,7.2,0.082242509,,,
3/8/21,Sinskey,Scintilla,Challenging,3,T,A,90.03,42.39828694,9.966654914,47.63505815,3.197750665,104.7257143,0.166666667,3.771638797,3.708783081,41.52485065,582.3322709,1.189879565,36.13606187,7.4,0.063310385,,,
3/8/21,Sinskey,Scintilla,Challenging,1,T,B,80.93,44.11134904,9.626242084,46.26240888,2.208615702,57.29142857,0.166666667,2.866282706,3.522217233,26.47729393,557.7696,1.071775447,12.06461244,7.2,0.041944372,,,
3/8/21,Sinskey,Scintilla,Challenging,2,T,B,83.78,41.71428571,10.40616407,47.87955022,3.678630803,97.69145077,0.155509784,3.645144215,4.993889313,42.71740404,654.8598425,1.247474747,13.24813188,7.1,0.072336755,,,
3/8/21,Sinskey,Scintilla,Challenging,3,T,B,75.66,41.95156695,10.41883581,47.62959724,4.019182887,48.97982186,0.145434047,2.840655176,4.08194735,24.00233569,473.3071429,1.097902098,18.47305636,7.4,0.082166038,,,
3/8/21,Sinskey,Scintilla,Challenging,1,V,A,92.55,43.89721627,9.950303302,46.15248042,2.657211522,76.797518,0.177130045,3.865300722,4.693060111,50.56052326,614.4741036,1.338286713,20.05702282,7.4,0.051799119,,,
3/8/21,Sinskey,Scintilla,Challenging,2,V,A,92.43,41.82726624,10.72487634,47.44785743,2.869577924,130.6703497,0.191562144,5.626683218,5.494192018,60.15788647,544.8334661,1.338189588,48.7533999,7.0,0.056615395,,,
3/8/21,Sinskey,Scintilla,Challenging,3,V,A,84.1,42.85714286,10.32303371,46.81982343,2.355426737,97.64077572,0.178082192,4.191241478,5.735999656,52.09644824,700.4096386,1.322358197,20.92383261,7.5,0.045198442,,,
3/8/21,Sinskey,Scintilla,Challenging,1,V,B,92.22,44.3254818,9.630606427,46.04391177,4.166809016,87.02780517,0.166093929,3.101149125,4.61839622,57.03906197,498.0094862,1.337509713,11.95593695,7.4,0.141927288,,,
3/8/21,Sinskey,Scintilla,Challenging,2,V,B,66.97,42.74481773,10.50146614,46.75371613,1.588613977,18.04217885,0.153094463,2.470625215,3.871960156,18.02099709,321.12,1.109071484,12.79423029,7.1,0.144148072,,,
3/8/21,Sinskey,Scintilla,Challenging,3,V,B,77.13,43,10.39623382,46.60376618,4.394335856,112.2731212,0.144880174,3.835861474,5.357199165,20.97950319,349.4096386,1.216006216,7.72491324,7.7,0.090646905,,,
3/8/21,Sinskey,Vandal,Ideal,1,T,A,89.35,67.64285714,3.53318422,28.82395864,1.793424536,242.3962194,0.131094258,5.625561252,5.053902535,61.83680605,569.9878543,1.255827506,39.95191244,7.5,0.155006687,,,
3/8/21,Sinskey,Vandal,Ideal,2,T,A,70.74,65.71428571,3.914100486,30.3716138,2.883187537,131.7919181,0.142222222,6.050677461,6.749023046,102.864591,452.0096386,1.688714064,31.63519291,7.2,0.053523782,,,
3/8/21,Sinskey,Vandal,Ideal,3,T,A,91.64,67.28571429,3.617858705,29.09642701,2.620743825,246.9545076,0.160508083,6.610547944,7.224553643,77.72163354,584.6616,1.352661228,32.06204331,7.1,0.053785628,,,
3/8/21,Sinskey,Vandal,Ideal,1,T,B,57.83,67,3.504607651,29.49539235,1.244793014,137.831873,0.135344161,2.73968821,3.462579831,22.10941411,398.0096386,0.901709402,11.16959114,7.3,0.115503689,,,
3/8/21,Sinskey,Vandal,Ideal,2,T,B,41.6,66.54778887,3.70589829,29.74631284,1.729276119,46.51291724,0.096112311,3.768811067,4.123626535,21.30645775,272.7144,1.115384615,22.33178519,6.8,0.15180874,,,
3/8/21,Sinskey,Vandal,Ideal,3,T,B,64.22,67.57142857,3.522326558,28.90624487,1.786121131,83.80833043,0.126948775,6.238275857,4.880779274,42.61541762,484.4096386,1.246697747,15.81773921,6.9,0.040456509,,,
3/8/21,Sinskey,Vandal,Ideal,1,V,A,98.82,67.07142857,3.836419076,29.09215235,2.149612076,74.6335111,0.179019384,5.831871593,6.670634007,77.66617326,657.3298805,1.280011655,25.43106408,7.3,0.047148987,,,
3/8/21,Sinskey,Vandal,Ideal,2,V,A,95.06,67.16630978,3.901552147,28.93213807,1.190388188,138.4080337,0.14893617,4.780859116,5.988709075,82.46521859,571.6183267,1.293900544,13.83099019,7.2,0.112142076,,,
3/8/21,Sinskey,Vandal,Ideal,3,V,A,68.69,67.42857143,3.66724877,28.9041798,3.013901033,155.9880776,0.154721274,6.206045663,7.352558939,62.19549578,564.0142857,1.329156954,30.76711783,7.0,0.061899107,,,
3/8/21,Sinskey,Vandal,Ideal,1,V,B,79.82,66.42857143,3.992769632,29.57865894,1.231877911,49.53112967,0.135857461,4.055541242,4.960868402,43.7489248,325.1976096,1.305555556,33.33118494,7.1,0.108862232,,,
3/8/21,Sinskey,Vandal,Ideal,2,V,B,49.03,70.66381156,3.63763722,25.69855122,2.410322164,46.45524482,0.125137212,3.546752563,5.359288131,25.52362472,368.0533865,1.277972028,4.615275162,7.1,0.169968345,,,
3/8/21,Sinskey,Vandal,Ideal,3,V,B,60.58,66.40513552,3.993523993,29.60134049,2.702594818,73.93047916,0.129568106,3.478274118,4.429981106,26.4126911,472.0008097,1.091783217,19.34449652,6.9,0.195283276,,,
4/27/21,Trefethen ,Five,Challenging,1,T,A,115.9,24.46504993,20.90996879,54.62498128,2.930670325,183.5800916,0.187018702,2.56782513,4.970858148,32.3730566,861.0857143,1.246697747,16.64902761,7.0,0.207896983,,,
4/27/21,Trefethen ,Five,Challenging,2,T,A,92.41,26.57142857,19.4022329,54.02633852,1.92174494,178.3779156,0.238095238,1.974793756,4.665008729,38.17081435,820.6056,1.300019425,48.03228134,7.0,0.130023513,,,
4/27/21,Trefethen ,Five,Challenging,3,T,A,112.7,27.35714286,19.71906049,52.92379665,1.513302216,225.1068183,0.188129899,2.180053524,6.411986955,37.24711533,799.5528,1.274087024,44.63306713,6.7,0.109974745,,,
4/27/21,Trefethen ,Five,Challenging,1,T,B,74.49,21.85714286,22.68490287,55.45795428,1.696706535,94.19838728,0.158314351,1.408819404,4.310689074,21.49003694,502.8023904,1.155594406,24.76252075,6.8,0.124379746,,,
4/27/21,Trefethen ,Five,Challenging,2,T,B,58.49,22.21428571,22.50463902,55.28107527,2.27208357,92.6615001,0.175027871,1.440038315,3.855337702,12.93865149,533.2626506,1.130536131,8.724650904,7.0,0.176886869,,,
4/27/21,Trefethen ,Five,Challenging,3,T,B,48.76,23.35714286,20.85830435,55.7845528,2.273708405,36.14161535,0.157471264,1.190201565,3.934567689,16.5221866,492.9677419,1.244366744,24.25102482,6.9,0.164833297,,,
4/27/21,Trefethen ,Five,Challenging,1,V,A,127.2,24.19700214,20.33489262,55.46810524,2.325935119,162.8027182,0.213133641,2.695659888,8.495109579,34.27392875,899.5536,1.276709402,59.38120698,7.2,0.171266066,,,
4/27/21,Trefethen ,Five,Challenging,2,V,A,123,24.94639028,19.91740187,55.13620785,1.677912948,197.0631299,0.155784651,4.375506718,10.09732348,82.22497572,781.626506,1.336149961,41.26571809,7.2,0.116248848,,,
4/27/21,Trefethen ,Five,Challenging,3,V,A,95,27,18.80709296,54.19290704,1.719919068,182.7416332,0.195150115,2.352765035,6.943666115,54.47483085,762.7104,1.404623155,41.47438556,6.8,0.116131589,,,
4/27/21,Trefethen ,Five,Challenging,1,V,B,56.12,21.41327623,21.6819545,56.90476927,1.471092414,31.47215411,0.149490374,1.928370269,4.228425665,10.75758816,506.8409639,1.310800311,5.596978356,7.1,0.102185759,,,
4/27/21,Trefethen ,Five,Challenging,2,V,B,56.48,22.21428571,21.20571355,56.58000074,2.591731075,56.43215573,0.134865135,1.664386829,4.367232492,12.11971234,520.6032,1.277097902,9.602582557,7.2,0.195118734,,,
4/27/21,Trefethen ,Five,Challenging,3,V,B,48.42,24.44603288,19.76237578,55.79159134,2.59933629,50.74843618,0.136618141,1.186395576,3.732565256,12.39549126,481.8334661,1.310897436,3.504167988,6.9,0.205001325,,,
4/27/21,Trefethen ,Nine,Ideal,1,T,A,80.13,21.85714286,23.81304992,54.32980723,2.661641979,111.1821622,0.208,1.30483608,4.096947675,24.72391063,859.2741036,1.206196581,49.650395,7.1,0.20010501,,,
4/27/21,Trefethen ,Nine,Ideal,2,T,A,203.2,23.42857143,22.02141901,54.55000956,1.52821326,276.2244084,0.272196262,14.92055114,27.64162796,26.70653116,871.460241,1.279331779,17.03224153,6.8,0.114689078,,,
4/27/21,Trefethen ,Nine,Ideal,3,T,A,83.68,21.28571429,24.94914655,53.76513917,1.654222319,233.479774,0.17693837,1.430477565,3.893865544,29.24974781,953.6342629,1.237470862,53.79821389,6.9,0.117933141,,,
4/27/21,Trefethen ,Nine,Ideal,1,T,B,47.58,21.05638829,23.63279436,55.31081735,1.549048973,88.85165477,0.174381055,1.331686551,3.877778397,15.4697941,546.9192,1.210567211,26.06387283,7.1,0.115223895,,,
4/27/21,Trefethen ,Nine,Ideal,2,T,B,178.3,19.57142857,24.29339264,56.13517879,2.788581586,50.84931017,0.207185629,31.19329763,23.39516779,7.447195785,494.2872,1.092948718,23.01476868,6.8,0.202622541,,,
4/27/21,Trefethen ,Nine,Ideal,3,T,B,44.29,17.85714286,26.73965937,55.40319778,2.702758177,81.15916658,0.142697882,1.295625185,3.373947219,22.38193081,570.9513944,1.175213675,10.48437329,7.0,0.208331979,,,
4/27/21,Trefethen ,Nine,Ideal,1,V,A,110.1,21.5,23.17636196,55.32363804,2.319155185,154.6289556,0.162255466,2.993306918,8.125587063,69.8464058,784.7782258,1.349358974,27.00329946,7.1,0.177257387,,,
4/27/21,Trefethen ,Nine,Ideal,2,V,A,74.91,21.28571429,23.55620412,55.15808159,1.582570658,115.4671196,0.147058824,1.288412034,5.108396591,26.4063519,776.3421687,1.366452991,6.113643831,7.0,0.122179201,,,
4/27/21,Trefethen ,Nine,Ideal,3,V,A,78.57,19.9428163,24.17893079,55.87825291,1.624627848,159.0597189,0.173833486,1.568901921,6.082267554,25.71634135,778.5,1.268162393,20.18226351,6.9,0.117487506,,,
4/27/21,Trefethen ,Nine,Ideal,1,V,B,48.22,22.71428571,20.36721479,56.91849949,1.589493919,99.52138461,0.14205186,1.448525586,3.926883204,15.89415635,462.708,1.295648796,7.901839493,7.2,0.111251567,,,
4/27/21,Trefethen ,Nine,Ideal,2,V,B,51.34,20.07117438,23.96076233,55.96806329,2.440098341,39.45701832,0.134720701,1.644862915,4.106456556,10.71897259,504.8136,1.285742036,6.754151487,7.2,0.163809293,,,
4/27/21,Trefethen ,Nine,Ideal,3,V,B,44.07,17.9413867,25.7635715,56.2950418,2.901897544,40.85177357,0.139093783,1.246174353,4.383574793,12.173785,514.1903226,1.324397824,8.47559888,7.2,0.19828011,,,
4/26/21,Trinchero,Calistoga Dark,Challenging,1,T,A,2122,25.23164647,14.72496517,60.04338836,2.062058384,116.1159806,0.132608696,1.987425006,3.164958115,19.76852605,583.7616,0.993783994,32.56743768,7.0,0.13639236,,,
4/26/21,Trinchero,Calistoga Dark,Challenging,2,T,A,2038,30.14285714,13.35074787,56.50639499,1.993038293,141.1289725,0.153677278,1.389379456,3.74664148,18.17205992,712.4916335,1.019910645,25.08801605,6.9,0.14021509,,,
4/26/21,Trinchero,Calistoga Dark,Challenging,3,T,A,158.7,30.04996431,11.44292116,58.50711452,2.141129434,136.3449399,0.121681416,3.105266995,3.659455182,18.86778995,557.4456,1.04972805,35.82877057,7.3,0.156962001,,,
4/26/21,Trinchero,Calistoga Dark,Challenging,1,T,B,2273,27.05210564,13.49534703,59.45254733,1.651855191,145.3210686,0.170480549,1.152941901,3.672519646,12.29178029,489.024,1.105866356,12.55019561,6.6,0.115445189,,,
4/26/21,Trinchero,Calistoga Dark,Challenging,2,T,B,2242,25.92857143,15.4000551,58.67137347,2.205318656,61.10549645,0.187943262,1.445252259,4.347852266,12.96387264,665.3710843,1.203865579,12.73187541,6.4,0.157309473,,,
4/26/21,Trinchero,Calistoga Dark,Challenging,3,T,B,125.7,28.47965739,12.72738599,58.79295662,2.531581679,96.60033778,0.200221239,3.007594973,4.724114545,10.77542037,508.8846774,1.172785548,11.43366859,7.0,0.170656298,,,
4/26/21,Trinchero,Calistoga Dark,Challenging,1,V,A,2118,28.80629021,13.87803675,57.31567305,1.788146214,145.9036685,0.199046484,1.000801256,7.080521983,13.31579783,567.972,0.851689977,16.01049732,7.3,0.111375139,,,
4/26/21,Trinchero,Calistoga Dark,Challenging,2,V,A,2095,29.41595442,14.11281705,56.47122853,2.074963777,59.86789136,0.178738318,1.185027063,6.814811431,15.38197254,667.9728,0.985625486,24.20789857,7.1,0.1423104,,,
4/26/21,Trinchero,Calistoga Dark,Challenging,3,V,A,215.5,27.38944365,13.70794853,58.90260781,1.90047464,109.3723479,0.186697783,1.218277719,10.26993982,14.316377,579.1285714,1.201437451,1.620096066,7.5,0.132138078,,,
4/26/21,Trinchero,Calistoga Dark,Challenging,1,V,B,2083,22.14285714,17.28058798,60.57655488,1.43891781,163.0624121,0.226254002,0.700343414,3.801921289,8.200889672,562.7088,0.797008547,11.53473821,6.2,0.091915952,,,
4/26/21,Trinchero,Calistoga Dark,Challenging,2,V,B,2366,27.85714286,13.40986075,58.7329964,2.097773763,162.2452702,0.223760092,1.258929082,4.630107715,14.21679445,535.4129032,1.091491841,8.427890283,6.5,0.144091804,,,
4/26/21,Trinchero,Calistoga Dark,Challenging,3,V,B,165.9,28.35714286,13.41595028,58.22690686,2.085743727,95.86725581,0.210843373,2.566894338,4.657635371,10.36918625,489.024,1.169289044,16.43294854,6.7,0.133213305,,,
2/22/21,Trinchero,Haystack,Ideal,1,T,A,96.26,54.10421128,6.409598668,39.48619005,1.393318106,505.269342,0.352317881,12.07173467,6.597261599,146.709775,1156.482213,0.889374514,8.849754564,7.0,0.119655644,,,
2/22/21,Trinchero,Haystack,Ideal,2,T,A,75.7,51.85714286,7.679555317,40.46330183,3.812617762,419.9141128,0.303178484,7.800003325,3.755996884,40.6728309,1029.672581,0.626651127,37.05694976,6.7,0.250002187,,,
2/22/21,Trinchero,Haystack,Ideal,3,T,A,76.02,51.21428571,7.580418892,41.20529539,3.301298831,518.5264395,0.332484076,11.15493289,5.928561389,149.6039712,991.9008,0.886557887,10.80707551,6.5,0.23069162,,,
2/22/21,Trinchero,Haystack,Ideal,1,T,B,49.37,48.14285714,7.346191532,44.51095132,1.815253106,143.4652564,0.249114522,9.023852002,4.310666556,26.68444136,671.4352941,0.948717949,36.43504288,6.3,0.127483349,,,
2/22/21,Trinchero,Haystack,Ideal,2,T,B,48.24,44.02560455,8.594176787,47.38021866,1.796294346,208.3413322,0.2478551,8.148043909,3.666152357,36.62158565,509.334413,0.908411033,19.7231425,6.6,0.135967507,,,
2/22/21,Trinchero,Haystack,Ideal,3,T,B,52.32,46.75694939,7.984959597,45.25809101,2.435521686,200.5756527,0.275862069,9.950903847,5.204092482,60.40239629,740.6346774,1.147533023,48.45724585,6.3,0.189427447,,,
2/22/21,Trinchero,Haystack,Ideal,1,V,A,49.75,45.31808435,8.457923399,46.22399225,5.350116529,177.2173957,0.222988506,9.89296899,7.150921441,22.8477091,711.3108434,1.296425796,29.02794695,6.6,0.386230624,,,
2/22/21,Trinchero,Haystack,Ideal,2,V,A,47.35,41.92857143,8.929539682,49.14188889,3.209496572,208.5761223,0.205988024,7.929695429,5.359870698,27.53413068,491.9516129,1.06021756,9.57085429,6.6,0.243933492,,,
2/22/21,Trinchero,Haystack,Ideal,3,V,A,58.77,50.03573981,7.242343569,42.72191662,2.31460809,224.5029078,0.277419355,10.00147997,5.873097433,42.56300401,974.9525692,1.11451049,5.637799094,6.7,0.161009229,,,
2/22/21,Trinchero,Haystack,Ideal,1,V,B,41.71,47.1805853,8.28133296,44.53808174,2.199764625,96.68471255,0.235151515,11.00709971,6.581408377,20.99580578,621.1285714,1.332653458,17.13800896,6.3,0.179597035,,,
2/22/21,Trinchero,Haystack,Ideal,2,V,B,40.61,43.85714286,8.623832937,47.51902421,3.311626998,99.74473032,0.234693878,8.639216007,4.041349454,7.329679335,316.2592885,1.051476301,7.678970072,6.3,0.230140186,,,
2/22/21,Trinchero,Haystack,Ideal,3,V,B,44.37,44.07142857,8.728083455,47.20048797,1.637213124,115.0683759,0.284210526,9.718338421,5.653756004,25.37324836,463.7480315,1.121309246,4.47276505,6.3,0.106765296,,,
2/22/21,Trinchero,Mid Valley,Challenging,1,T,A,80.5,44.25410421,9.238610887,46.5072849,1.928611984,184.5979269,0.265776699,9.506039878,7.171159018,45.92838849,1143.467234,1.156468531,10.15605866,7.0,0.148028935,,,
2/22/21,Trinchero,Mid Valley,Challenging,2,T,A,98.87,47.57142857,7.776159009,44.65241242,3.917240591,299.3228992,0.291560102,9.961994051,6.420819064,69.31515918,996.9448819,1.131021756,51.39110317,7.0,0.288089343,,,
2/22/21,Trinchero,Mid Valley,Challenging,3,T,A,61.96,47,8.122013965,44.87798603,2.483172049,172.8461963,0.238927739,8.104820868,4.409687274,39.36322121,700.4151394,1.047688423,17.425131,6.9,0.197384174,,,
2/22/21,Trinchero,Mid Valley,Challenging,1,T,B,76.61,42.35714286,9.617836199,48.02502094,2.801078642,188.7732218,0.2675709,55.8938631,8.420371377,44.11919279,962.16,1.208041958,23.2136307,6.8,0.221691645,,,
2/22/21,Trinchero,Mid Valley,Challenging,2,T,B,71.82,47.14285714,7.168674699,45.68846816,5.087011801,143.4455047,0.210144928,8.534514382,4.759795016,25.76235489,766.4869565,1.091686092,55.90610026,6.9,0.241692212,,,
2/22/21,Trinchero,Mid Valley,Challenging,3,T,B,83.58,48.82226981,7.929666033,43.24806416,0.521756275,276.772425,0.25375,10.03755887,6.494667835,61.87181953,872.9129032,1.155205905,50.22800826,6.8,0.064876414,,,
2/22/21,Trinchero,Mid Valley,Challenging,1,V,A,144.7,45.55792466,8.812820172,45.62925517,3.217012991,264.1401939,0.246943765,9.621089573,16.4421485,68.86808722,658.5920319,1.228243978,121.9885152,7.0,0.264402493,,,
2/22/21,Trinchero,Mid Valley,Challenging,2,V,A,139,45,8.216318786,46.78368121,2.679126507,165.0054577,0.237037037,9.733166759,8.369922998,20.05879747,965.6568,1.237082362,43.08823863,7.1,0.208298518,,,
2/22/21,Trinchero,Mid Valley,Challenging,3,V,A,128.4,48.25124911,7.90973189,43.839019,3.262316383,219.9643893,0.25308642,9.957786679,11.9875995,54.8492876,976.1544,1.125777001,14.28696633,7.2,0.256701438,,,
2/22/21,Trinchero,Mid Valley,Challenging,1,V,B,75.65,45.35714286,8.602614203,46.04024294,2.540891016,60.92592806,0.223557692,10.26233042,9.029574301,19.37029835,601.085259,1.377039627,40.89299621,6.9,0.175938773,,,
2/22/21,Trinchero,Mid Valley,Challenging,2,V,B,118.4,47.96283059,8.163955307,43.8732141,1.722767795,265.9091482,0.278465347,12.58754834,13.60826574,59.97883712,1015.866142,1.304487179,10.25536022,7.2,0.148436134,,,
2/22/21,Trinchero,Mid Valley,Challenging,3,V,B,63.91,48.89206576,6.691402162,44.41653208,2.070863309,248.3684072,0.215757576,9.576029444,6.698929491,14.43152851,531.0285714,1.244172494,10.03385628,7.0,0.153206751,,,
2/22/21,Trinchero,Wall Rd,Ideal,1,T,A,102.5,21.07142857,16.68668001,62.24189142,3.573559995,400.7252107,0.367724868,15.32107678,5.231449036,44.31984421,955.1592,0.771658897,9.37313339,7.2,0.291085319,,,
2/22/21,Trinchero,Wall Rd,Ideal,2,T,A,110.1,21.98429693,18.35068819,59.66501488,3.804972962,256.7877682,0.357429719,52.21674205,8.198369282,5.151365801,1093.321457,0.944832945,32.48846803,7.4,0.289206578,,,
2/22/21,Trinchero,Wall Rd,Ideal,3,T,A,69.11,28.07142857,13.76456047,58.16401096,2.15964475,323.5744909,0.322121604,9.019681115,4.785906351,64.74090526,748.2,0.988053613,67.18314068,6.9,0.171398385,,,
2/22/21,Trinchero,Wall Rd,Ideal,1,T,B,72.33,17.26105563,18.15595405,64.58299031,2.336986834,234.4551262,0.320203304,8.484503813,5.201114046,31.45879969,567.4571429,1.013888889,11.21639102,6.9,0.194083542,,,
2/22/21,Trinchero,Wall Rd,Ideal,2,T,B,64.6,17.78571429,21.36831326,60.84597246,1.833882611,187.3564791,0.286632391,7.217625224,3.644361928,18.4478446,555.3249012,0.910839161,28.21083853,7.4,0.162299454,,,
2/22/21,Trinchero,Wall Rd,Ideal,3,T,B,49.54,24.71428571,15.82786287,59.45785141,1.430237446,155.4793156,0.292525773,7.625435904,3.867556781,28.63780838,423.0864,0.911130536,21.02688044,6.8,0.129970815,,,
2/22/21,Trinchero,Wall Rd,Ideal,1,V,A,104.3,21.08649035,15.62573423,63.28777542,2.37788817,333.44644,0.351604278,11.67159934,8.259708949,122.4484731,748.9728,0.977078477,24.51757945,7.1,0.195951665,,,
2/22/21,Trinchero,Wall Rd,Ideal,2,V,A,48.27,19.79985704,19.66482306,60.5353199,2.353898731,198.0388919,0.292775665,9.554884502,4.267229696,43.99441528,574.9458167,1.124902875,46.49437238,7.1,0.167558706,,,
2/22/21,Trinchero,Wall Rd,Ideal,3,V,A,61.31,26.78571429,15.49855352,57.71573219,1.564888401,191.6289389,0.291298865,9.55300145,3.711731761,51.20975193,415.7274194,1.202797203,49.98375545,7.4,0.133620125,,,
2/22/21,Trinchero,Wall Rd,Ideal,1,V,B,61.51,21.54065621,14.38200868,64.07733511,1.949270246,312.0145666,0.337708831,9.399683362,4.611261915,17.80038725,481.4181818,0.919191919,9.495725704,6.7,0.163872834,,,
2/22/21,Trinchero,Wall Rd,Ideal,2,V,B,39,21.22944961,18.10883619,60.66171421,0.970857445,91.44035538,0.27654321,8.944010097,12.58215329,14.9011904,329.2164706,1.16482129,9.756481468,6.9,0.085121865,,,
2/22/21,Trinchero,Wall Rd,Ideal,3,V,B,129,30,13.24120603,56.75879397,1.914529292,125.0007626,0.289540816,10.08899134,5.681599923,17.64072397,315.2752941,1.15452603,12.43068974,7.6,0.138135667,,,