Sampling date,Grower,Site,Rep,Location ,Depth,Grower Rating,EC ,pH,soil moisture,Sand %,Silt %,Clay %,POXC ,PMN ,NH4 ,NO3,Bulk Density,MBC ,TC ,TN 
2/17/22,Arciero,Challenging,1,T,A,Challenging,269.3,8.45,0.147024504,42.28571429,27.57142857,30.14285714,462.1824,26.03243243,1.248648649,1.12579898,1.699980575,56.7767239,1.517524078,0.065665533
2/17/22,Arciero,Challenging,2,T,A,Challenging,277.2,8.28,0.190140845,38.28571429,30.78571429,30.92857143,521.28,25.93714286,1.475357143,1.083868712,1.355574981,53.04520456,1.580981051,0.069247474
2/17/22,Arciero,Challenging,3,T,A,Challenging,386.5,8.04,0.172571429,36.5,34.14285714,29.35714286,488.448,25.06963434,1.49872814,1.120176861,1.200563326,66.73459592,1.422191316,0.086014393
2/17/22,Arciero,Challenging,1,T,B,Challenging,466.4,8.48,0.208937198,40.28571429,32.92857143,26.78571429,376.8192,18.81989357,1.346295538,1.138875102,1.206099456,22.27481021,1.648876303,0.052253824
2/17/22,Arciero,Challenging,2,T,B,Challenging,810.6,7.82,0.212765957,43.07142857,30.85714286,26.07142857,291.456,16.88351124,1.288221667,1.180560906,1.462218337,24.23961499,1.572671122,0.036372669
2/17/22,Arciero,Challenging,3,T,B,Challenging,665.9,8.29,0.186440678,35.5,34.64285714,29.85714286,409.6512,21.48047075,1.5532976,1.256164538,1.365675991,38.22695722,1.482403152,0.062476767
2/17/22,Arciero,Challenging,1,V,A,Challenging,505,9.23,0.231990232,39.64285714,29.07142857,31.28571429,350.5536,15.66305843,1.715436779,1.042781626,1.244463869,15.94941566,1.297725336,0.05474389
2/17/22,Arciero,Challenging,2,V,A,Challenging,364.7,9.14,0.209513024,35.78571429,36.35714286,27.85714286,514.7136,19.41834783,1.345826087,1.277562138,1.199009324,26.13075015,1.404654286,0.083577882
2/17/22,Arciero,Challenging,3,V,A,Challenging,671.8,8.41,0.233861145,33.5,30,36.5,350.5536,20.09713855,1.419427711,1.2894525,1.161227661,35.73576939,1.192777024,0.06847229
2/17/22,Arciero,Challenging,1,V,B,Challenging,585.7,8.79,0.264105642,38.14285714,37.21428571,24.64285714,298.0224,14.98545383,1.643220205,1.097775134,1.303613054,31.4494655,1.48767102,0.049772399
2/17/22,Arciero,Challenging,2,V,B,Challenging,442,8.78,0.235903337,36.78571429,31.14285714,32.07142857,462.1824,17.28962704,1.27931952,1.239082403,1.306526807,47.13806236,1.260270921,0.075091686
2/17/22,Arciero,Challenging,3,V,B,Challenging,247.4,7.84,0.228640193,30.92857143,30.71428571,38.35714286,324.288,19.89965456,1.384744818,1.199802011,1.332750583,26.06386453,1.124768927,0.059142121
2/17/22,Arciero,Ideal,2,T,A,Ideal,162.5,8.14,0.078074866,72.5,21.92857143,5.571428571,600.0768,60.23080421,1.629148286,0.930265349,1.617812743,35.70116119,1.07592096,0.097044786
2/17/22,Arciero,Ideal,3,T,A,Ideal,137.4,7.71,0.077005348,76.21428571,20.78571429,3,665.7408,27.01044944,1.419932584,0.913059651,1.62519425,34.48883117,1.146291001,0.104290612
2/17/22,Arciero,Ideal,1,T,B,Ideal,112.9,7.71,0.08577633,74.07142857,21.21428571,4.714285714,632.9088,43.17626374,1.463736264,0.926171033,1.609848485,14.20155731,0.949637334,0.083984664
2/17/22,Arciero,Ideal,2,T,B,Ideal,79.68,8.57,0.08436214,71.64285714,20.78571429,7.571428571,449.0496,25.49691781,1.299657534,0.906628655,1.64996115,14.50483245,0.492104242,0.052497625
2/17/22,Arciero,Ideal,3,T,B,Ideal,91.47,7.8,0.082352941,71.78571429,20.71428571,7.5,330.8544,24.56587893,1.694470314,0.914856929,1.632187257,7.388280112,0.585524073,0.062315877
2/17/22,Arciero,Ideal,1,V,A,Ideal,81.45,8.04,0.078864353,74.92857143,20.28571429,4.785714286,481.8816,15.72683371,1.05785877,0.901941519,1.378010878,12.77858645,0.380467756,0.045014585
2/17/22,Arciero,Ideal,2,V,A,Ideal,67.74,8.07,0.079314041,73.85714286,21.21428571,4.928571429,462.1824,20.09879592,0.988204082,0.917295821,1.401223776,17.35333793,0.525238961,0.051978745
2/17/22,Arciero,Ideal,3,V,A,Ideal,63.15,7.81,0.074815595,72.14285714,21.42857143,6.428571429,416.2176,18.03516076,1.022936692,0.913404362,1.413850039,15.60459331,0.455649202,0.048139043
2/17/22,Arciero,Ideal,1,V,B,Ideal,55.14,8.02,0.091991342,73.21428571,21.5,5.285714286,501.5808,14.04219335,1.02939414,0.927518549,1.494172494,9.918401836,0.41765559,0.046340368
2/17/22,Arciero,Ideal,2,V,B,Ideal,61.53,8.49,0.096153846,72.78571429,20.14285714,7.071428571,376.8192,19.53139792,1.105550826,0.953441733,1.450563326,12.94794627,0.528309537,0.051952356
2/17/22,Arciero,Ideal,3,V,B,Ideal,59.76,7.79,0.089033659,71.42857143,22.5,6.071428571,357.12,14.77234043,1.014893617,0.942866197,1.483780109,11.78521483,0.428776329,0.044239554
2/17/22,Arciero,Ideal ,1,T,A,Ideal,168,8.05,0.087947883,72.28571429,21.78571429,5.928571429,462.1824,16.44799421,1.20506896,0.965398639,1.471542347,47.27488754,0.411354468,0.04230091
2/2/22,Circle B,Challenging,1,T,A,Challenging,79.7,6.94,0.089783282,58.92857143,34.64285714,6.428571429,583.488,48.01207729,3.487922705,0.451980439,1.466200466,46.15319328,0.630332717,0.08409363
2/2/22,Circle B,Challenging,2,T,A,Challenging,94.98,7.04,0.095723014,60.71428571,32,7.285714286,551.52,39.83768116,3.362318841,0.472085372,1.500097125,30.94288527,0.763588178,0.068493248
2/2/22,Circle B,Challenging,3,T,A,Challenging,74.36,6.96,0.093447905,61.35714286,32.14285714,6.5,538.7328,33.49806763,3.301932367,0.495524542,1.437062937,36.02531073,0.611705719,0.0728798
2/2/22,Circle B,Challenging,1,T,B,Challenging,56.6,7.09,0.102189781,58.28571429,33.64285714,8.071428571,404.4672,19.09855072,2.101449275,0.476089138,1.45464258,14.91223844,0.318078347,0.045497701
2/2/22,Circle B,Challenging,2,T,B,Challenging,41.35,7.15,0.092592593,58.71428571,32.07142857,9.214285714,378.8928,13.37874396,2.821256039,0.471821508,1.421717172,3,0.290251071,0.042414339
2/2/22,Circle B,Challenging,3,T,B,Challenging,43.79,6.82,0.107491857,61.07142857,31.21428571,7.714285714,359.712,14.4531401,2.446859903,0.492905495,1.533119658,9.822214984,0.312611455,0.034732219
2/2/22,Circle B,Challenging,1,V,A,Challenging,117.7,7.51,0.0951417,57.92857143,34.35714286,7.714285714,602.6688,44.89903382,3.900966184,0.455135644,1.454545455,39.34611914,0.803847215,0.069048657
2/2/22,Circle B,Challenging,2,V,A,Challenging,103.8,8.26,0.087268994,62,30.14285714,7.857142857,609.0624,46.67391304,3.826086957,0.47186403,1.542152292,31.32678205,0.714560778,0.074436656
2/2/22,Circle B,Challenging,3,V,A,Challenging,86.12,8.58,0.077502691,60.71428571,31.57142857,7.714285714,493.9776,23.7531401,2.446859903,0.4351561,1.517094017,21.48271823,0.496235823,0.04904012
2/2/22,Circle B,Challenging,1,V,B,Challenging,83.59,8.35,0.092631579,58.85714286,33.85714286,7.285714286,430.0416,20.59178744,2.40821256,0.463576108,1.457944833,28.5012,0.436011371,0.043020567
2/2/22,Circle B,Challenging,2,V,B,Challenging,69.3,8.74,0.107411386,59,35.07142857,5.928571429,436.4352,15.99710145,2.202898551,0.450700256,1.51029526,17.6913764,0.388542597,0.03836418
2/2/22,Circle B,Challenging,3,V,B,Challenging,86.41,8.5,0.102173913,60.07142857,32.35714286,7.571428571,417.2544,15.24541063,2.654589372,0.452635312,1.249708625,14.33197101,0.826526125,0.079392983
2/2/22,Circle B,Ideal,2,T,A,Ideal,129,6.75,0.08200213,74,23.07142857,2.928571429,813.6576,36.20821256,3.59178744,0.478496653,1.368395493,35.35810132,1.176512265,0.100378392
2/2/22,Circle B,Ideal,3,T,A,Ideal,119.6,6.98,0.079229122,75.21428571,21.42857143,3.357142857,775.296,44.27874396,3.321256039,0.480090133,1.58993784,28.00263077,1.456092775,0.133580807
2/2/22,Circle B,Ideal,1,T,B,Ideal,75.32,6.18,0.099674973,67.92857143,25.5,6.571428571,794.4768,46.22705314,3.77294686,0.470255639,1.493783994,15.80249497,0.530152455,0.064403205
2/2/22,Circle B,Ideal,2,T,B,Ideal,82.1,6.39,0.085896076,72.64285714,23.14285714,4.214285714,564.3072,18.47004831,2.929951691,0.511245526,1.557206682,9.483821138,0.771645986,0.068348335
2/2/22,Circle B,Ideal,3,T,B,Ideal,69.16,6.76,0.089324619,71.78571429,23.92857143,4.285714286,468.4032,19.96521739,2.434782609,0.484144168,1.551573427,9.814444444,0.510286919,0.051588693
2/2/22,Circle B,Ideal,1,V,A,Ideal,172.9,6.64,0.080128205,73.07142857,22.71428571,4.214285714,493.9776,20.50821256,2.59178744,0.478060588,1.493978244,41.18406593,0.639577273,0.056744233
2/2/22,Circle B,Ideal,2,V,A,Ideal,232.6,7,0.077005348,69.92857143,23.64285714,6.428571429,800.8704,47.50917874,5.190821256,0.516364992,1.49009324,48.84617265,1.311043256,0.120971291
2/2/22,Circle B,Ideal,3,V,A,Ideal,123.7,7.75,0.096638655,76.07142857,20.21428571,3.714285714,947.9232,66.69516908,5.004830918,0.50133463,1.635586636,44.00096038,1.808019827,0.155970236
2/2/22,Circle B,Ideal,1,V,B,Ideal,91.31,6.86,0.12407211,73.21428571,23.5,3.285714286,736.9344,39.22705314,4.27294686,0.504236292,1.583041958,22.26651517,2.06854726,0.17731608
2/2/22,Circle B,Ideal,2,V,B,Ideal,207.8,7.9,0.081023454,74.5,22,3.5,666.6048,26.51256039,3.787439614,0.524551556,1.497474747,36.67876942,0.966863059,0.090742216
2/2/22,Circle B,Ideal,3,V,B,Ideal,88.2,7.57,0.079381443,74,21.42857143,4.571428571,743.328,39.34347826,3.956521739,0.536510038,1.608585859,10.59792243,0.973612404,0.094656896
2/2/22,Circle B,Ideal ,1,T,A,Ideal,131.2,6.52,0.09801877,68.07142857,25.07142857,6.857142857,545.1264,21.00434783,2.695652174,0.454089425,1.472902098,39.35627886,0.565410934,0.059796561
3/2/22,Coyote,Challenging,1,T,A,Challenging,186.2,6.71,0.089704383,51.57142857,37.71428571,10.71428571,542.4336,35.31283475,1.813167493,1.270789461,1.343628594,325.8143279,0.568121902,0.057200246
3/2/22,Coyote,Challenging,2,T,A,Challenging,135.1,6.72,0.087284483,52.5,37.78571429,9.714285714,615.456,30.36122955,1.743799966,1.111125143,1.315947941,407.818938,0.988543421,0.101153219
3/2/22,Coyote,Challenging,3,T,A,Challenging,67.15,7.18,0.098272138,51.42857143,35.78571429,12.78571429,442.8576,27.34060736,1.607320787,1.040231936,1.257090132,276.1410523,0.434157821,0.045347858
3/2/22,Coyote,Challenging,1,T,B,Challenging,79.77,7.01,0.112097669,48.64285714,36.5,14.85714286,469.4112,17.7002,1.52985,1.067335426,1.4496892,129.6765503,0.885732273,0.087262822
3/2/22,Coyote,Challenging,2,T,B,Challenging,70.54,7.62,0.096529284,50.21428571,37.57142857,12.21428571,376.4736,15.85136855,1.410264106,1.0221132,1.367618493,85.21328357,1.048385278,0.107111558
3/2/22,Coyote,Challenging,3,T,B,Challenging,50.53,7.26,0.09279476,49.28571429,36.64285714,14.07142857,549.072,14.1225116,1.708174317,0.99363861,1.48455711,79.44647773,1.981154648,0.12729002
3/2/22,Coyote,Challenging,1,V,A,Challenging,252.4,8.53,0.123523093,51.21428571,38.42857143,10.35714286,807.9696,18.63907563,1.352836134,1.010187312,1.472902098,102.6030759,0.54806036,0.053772275
3/2/22,Coyote,Challenging,2,V,A,Challenging,664.8,7.48,0.106275304,50.85714286,38.07142857,11.07142857,495.9648,15.21417246,1.354910209,1.011296028,1.421814297,111.8040025,0.463402518,0.056326043
3/2/22,Coyote,Challenging,3,V,A,Challenging,119.9,8.27,0.117336152,50.57142857,38.14285714,11.28571429,376.4736,15.6866621,1.358295979,1.009992415,1.108780109,131.7542628,0.532993043,0.050405232
3/2/22,Coyote,Challenging,1,V,B,Challenging,185,8.68,0.147321429,49.07142857,39.07142857,11.85714286,396.3888,15.88501122,1.742004488,1.093791373,1.276320901,122.9973769,1.440931132,NA
3/2/22,Coyote,Challenging,2,V,B,Challenging,805.8,7.5,0.130965594,50.07142857,37.28571429,12.64285714,356.5584,14.83644773,1.341100164,1.111025847,1.384421134,54.03542933,1.194800483,0.118684918
3/3/22,Coyote,Challenging,3,V,B,Challenging,148.9,8.33,0.140106952,49.21428571,39.64285714,11.14285714,628.7328,15.17459488,1.682270789,1.049699822,1.493881119,105.0098848,NA,NA
3/2/22,Coyote,Ideal,2,T,A,Ideal,86.68,7.15,0.058823529,60,26.64285714,13.35714286,681.84,25.68672573,1.382209503,1.091472523,1.257575758,221.3676431,1.290208748,0.119101611
3/2/22,Coyote,Ideal,3,T,A,Ideal,208.7,7.15,0.059620596,65.28571429,23.92857143,10.78571429,728.3088,28.66410714,1.435892857,0.988919923,1.342851593,499.3458501,NA,NA
3/2/22,Coyote,Ideal,1,T,B,Ideal,64.05,7.23,0.088145897,61.64285714,25.92857143,12.42857143,469.4112,49.8455949,3.205183203,1.170262798,1.303515929,167.8275789,1.587352988,0.14894178
3/2/22,Coyote,Ideal,2,T,B,Ideal,56.95,7.41,0.06557377,58.92857143,27.07142857,14,476.0496,20.97282857,2.239971429,1.042223461,1.65510878,126.9642802,NA,NA
3/2/22,Coyote,Ideal,3,T,B,Ideal,75.53,7.17,0.075773746,62.21428571,25.5,12.28571429,476.0496,13.8856391,1.293308271,0.951965106,1.41045066,97.35716076,0.686554402,0.063431793
3/2/22,Coyote,Ideal,1,V,A,Ideal,227.5,8.16,0.08744856,57.85714286,29.07142857,13.07142857,529.1568,23.2543451,1.67895744,0.972079509,1.29020979,211.5685641,0.629409677,0.067962551
3/2/22,Coyote,Ideal,2,V,A,Ideal,189.2,8.1,0.058139535,60,26.85714286,13.14285714,555.7104,20.80260912,1.274279272,1.017925484,1.452894328,169.8043559,0.945570868,0.104367756
3/2/22,Coyote,Ideal,3,V,A,Ideal,166.4,7.02,0.065439673,62.21428571,25.64285714,12.14285714,622.0944,13.16507937,1.54973545,0.920563485,1.019133644,242.0769909,0.935165935,0.091447443
3/2/22,Coyote,Ideal,1,V,B,Ideal,228.4,8.31,0.121147715,56.07142857,28.57142857,15.35714286,456.1344,24.89388872,1.664754611,1.004793424,0.705128205,110.5477242,1.322212917,0.129837835
3/2/22,Coyote,Ideal,2,V,B,Ideal,170.6,7.32,0.110294118,58.35714286,29.14285714,12.5,568.9872,28.79412852,1.390176196,1.063958597,1.633158508,160.1152229,NA,NA
3/2/22,Coyote,Ideal,3,V,B,Ideal,154.4,7.1,0.093023256,59.28571429,26.71428571,14,495.9648,14.29386068,1.67390791,1.000619447,1.039724165,152.2886227,0.5886137,0.06211351
3/2/22,Coyote,Ideal ,1,T,A,Ideal,80.57,7.25,0.08991009,62.64285714,25.35714286,12,1199.6352,18.19384615,1.347692308,1.017461679,1.182595183,330.4217209,0.75788578,0.070965193
2/16/22,Ed Kronfli,Challenging,1,T,A,Challenging,272.7,8.26,0.181920904,43.78571429,32.21428571,24,856.1664,61.61419495,1.981716654,1.094634605,1.086829837,136.1088239,3.397982446,0.22085149
2/16/22,Ed Kronfli,Challenging,2,T,A,Challenging,298.4,8.25,0.181498829,39.42857143,35.28571429,25.28571429,921.8304,60.41079093,2.387492336,1.093981023,0.91482129,146.5692801,3.049936453,0.212792815
2/16/22,Ed Kronfli,Challenging,3,T,A,Challenging,248.2,8.18,0.169570267,37,41.07142857,21.92857143,948.096,65.32876324,2.027628372,1.067090021,0.941045066,150.9022255,2.723241054,0.228390611
2/16/22,Ed Kronfli,Challenging,1,T,B,Challenging,220.7,8.45,0.205528846,42.28571429,31.14285714,26.57142857,613.2096,25.3195483,2.068621137,1.178052691,0.867812743,84.84305205,3.031620384,0.132147612
2/16/22,Ed Kronfli,Challenging,2,T,B,Challenging,237.9,8.31,0.225733634,40.35714286,34.57142857,25.07142857,711.7056,39.9364015,2.179050396,1.232338982,1.098581974,122.5939665,2.172948715,0.157429694
2/16/22,Ed Kronfli,Challenging,3,T,B,Challenging,171.4,8.32,0.206150342,35.42857143,38.14285714,26.42857143,731.4048,35.46061693,2.445236729,1.224912565,0.991647242,98.38532134,2.117837988,0.171003624
2/16/22,Ed Kronfli,Challenging,1,V,A,Challenging,413.4,9.07,0.179487179,41.14285714,37.14285714,21.71428571,626.3424,27.206875,1.451875,1.223120342,1.096930847,90.57532058,2.264949864,0.149913863
2/16/22,Ed Kronfli,Challenging,2,V,A,Challenging,293,9.07,0.175660161,35,36.42857143,28.57142857,573.8112,16.25247911,1.829749304,1.926825495,NA,56.94066437,1.587704942,0.13632194
2/16/22,Ed Kronfli,Challenging,3,V,A,Challenging,302,9.09,0.179814385,35.64285714,38.07142857,26.28571429,665.7408,36.82790463,1.82244898,1.311889745,1.09469697,83.13980929,1.819776179,0.174847929
2/16/22,Ed Kronfli,Challenging,1,V,B,Challenging,360,9.12,0.224277457,37.14285714,37.64285714,25.21428571,554.112,17.87588248,1.654817969,1.652954674,1.140734266,63.97761694,1.997666598,0.137604975
2/16/22,Ed Kronfli,Challenging,2,V,B,Challenging,349.2,8.99,0.220763723,36.21428571,36.42857143,27.35714286,540.9792,19.25727412,1.646248086,1.31688796,1.13966589,82.37951879,1.784854864,0.125110515
2/16/22,Ed Kronfli,Challenging,3,V,B,Challenging,463.7,9.01,0.220398593,34.28571429,38.42857143,27.28571429,672.3072,29.17647691,1.760154672,1.484520376,0.827700078,81.74863467,1.636823487,0.130056172
2/16/22,Ed Kronfli,Ideal,2,T,A,Ideal,264.3,8.12,0.205336427,15.07142857,31.85714286,53.07142857,934.9632,50.6652968,2.23716895,1.247364435,0.929972805,219.0939154,3.993482559,0.398845195
2/16/22,Ed Kronfli,Ideal,3,T,A,Ideal,270.7,8.11,0.244365362,13.78571429,31.85714286,54.35714286,1000.6272,51.19578102,2.38620438,1.223466674,1.105477855,200.2643302,3.827980028,0.417536137
2/16/22,Ed Kronfli,Ideal,1,T,B,Ideal,215.2,8.16,0.229665072,15.85714286,32.35714286,51.78571429,980.928,74.35092846,2.409291321,1.247840491,1.147533023,138.4589943,3.975747231,0.429233354
2/16/22,Ed Kronfli,Ideal,2,T,B,Ideal,200.5,8.24,0.245742092,10.5,26.64285714,62.85714286,678.8736,35.20488021,2.676734694,1.277486493,0.890345765,108.8814369,3.57665073,0.30473397
2/16/22,Ed Kronfli,Ideal,3,T,B,Ideal,295.2,8.19,0.249379653,12.14285714,33.35714286,54.5,764.2368,20.87445161,2.215612903,1.308727095,1.276709402,137.4064685,2.884498048,0.275113137
2/16/22,Ed Kronfli,Ideal,1,V,A,Ideal,233.1,8.04,0.244604317,13.5,32.78571429,53.71428571,902.1312,27.2242621,2.427704841,1.267144679,0.781759907,195.8608741,3.46373827,0.344385103
2/16/22,Ed Kronfli,Ideal,2,V,A,Ideal,245.6,8.24,0.203033839,11.71428571,34.92857143,53.35714286,987.4944,67.63334694,3.461510204,1.384046286,0.9504662,163.2453842,3.726319896,0.378986357
2/16/22,Ed Kronfli,Ideal,3,V,A,Ideal,263.9,7.78,0.194267516,15.21428571,33.85714286,50.92857143,915.264,38.92881406,2.723338214,1.310573079,1.027000777,151.1987548,3.526762638,0.375953435
2/16/22,Ed Kronfli,Ideal,1,V,B,Ideal,192,8.17,0.249376559,10.85714286,36.35714286,52.78571429,908.6976,70.41573123,2.560237154,1.240107901,0.970765346,108.5828008,2.804782349,0.321007276
2/16/22,Ed Kronfli,Ideal,2,V,B,Ideal,226.9,8.37,0.257471264,11.07142857,34.42857143,54.5,823.3344,19.34162316,1.778310394,1.452716578,0.858488733,128.3990233,3.113745736,0.307283374
2/16/22,Ed Kronfli,Ideal,3,V,B,Ideal,173.1,8.02,0.25638051,8.857142857,32.78571429,58.35714286,862.7328,34.99787705,2.528748341,1.2928167,0.973193473,156.9960512,3.054411571,0.320905312
2/16/22,Ed Kronfli,Ideal ,1,T,A,Ideal,298.5,8.06,0.208433735,17.35714286,29.64285714,53,862.7328,27.73937375,2.090298641,1.399249017,1.041569542,202.0861685,2.678882633,0.330486179
3/1/22,Freilich,Challenging,1,T,A,Challenging,185,7.88,0.134533898,40,36.85714286,23.14285714,726.2568,29.44304599,1.644200035,0.992094434,1.209887335,65.23425141,1.17299538,0.101537316
3/1/22,Freilich,Challenging,2,T,A,Challenging,236,7.91,0.110772358,39.85714286,36.92857143,23.21428571,554.5944,33.11339918,1.945915102,0.961115613,1.157731158,77.6054878,3.138095046,0.234076545
3/1/22,Freilich,Challenging,3,T,A,Challenging,371,8.21,0.116997792,48.85714286,31.28571429,19.85714286,666.8352,49.76249286,2.160707143,0.985257912,1.18978244,102.5,1.138765644,0.101863579
3/1/22,Freilich,Challenging,1,T,B,Challenging,195.4,8.27,0.154525386,39,37.92857143,23.07142857,534.7872,19.53526669,1.802853413,1.045051317,1.169871795,31.7526017,1.211065829,0.042194288
3/1/22,Freilich,Challenging,2,T,B,Challenging,211.1,8.34,0.140676118,42.92857143,33.85714286,23.21428571,594.2088,15.13505076,1.734847716,1.000380944,1.209207459,11.79942878,1.631983621,0.087230571
3/1/22,Freilich,Challenging,3,T,B,Challenging,209.6,8.27,0.126666667,46.28571429,27.14285714,26.57142857,435.7512,19.63172301,1.735910578,0.981650956,1.223970474,17.44457143,3.675088498,0.252194026
3/1/22,Freilich,Challenging,1,V,A,Challenging,453.5,8.13,0.153587444,38.28571429,36.92857143,24.78571429,581.004,28.95631599,1.730942289,1.103230108,1.036033411,48.50010677,2.596210571,0.099236656
3/1/22,Freilich,Challenging,2,V,A,Challenging,569,7.69,0.121444201,43.78571429,33.71428571,22.5,501.7752,25.34119018,1.590590642,1.048096057,1.130536131,44.16528082,1.605444288,0.108767599
3/1/22,Freilich,Challenging,3,V,A,Challenging,276,7.99,0.133113311,44.64285714,32.92857143,22.42857143,594.2088,37.36352792,1.598756345,1.089434627,1.20464258,41.91617162,0.982788338,0.055587395
3/1/22,Freilich,Challenging,1,V,B,Challenging,711.7,8.06,0.177345538,38.07142857,40.14285714,21.78571429,600.8112,21.38878403,2.022898867,1.122744446,1.099067599,30.32036613,1.551521231,0.090718999
3/1/22,Freilich,Challenging,2,V,B,Challenging,743.8,8.2,0.17233809,42.42857143,33.64285714,23.92857143,462.1608,16.4089731,1.714103827,1.088688012,1.191433566,23.01550886,2.112115671,0.140976153
3/2/22,Freilich,Challenging,3,V,B,Challenging,316.9,8.23,0.171548117,43.57142857,30.28571429,26.14285714,501.7752,15.89142857,2.086753247,1.078765304,1.250777001,31.03648137,2.211865666,0.203182011
3/1/22,Freilich,Ideal,2,T,A,Ideal,268.2,7.52,0.184855234,45.07142857,22.42857143,32.5,640.4256,30.25430913,1.892576112,1.111339558,1.233003108,58.28111359,1.565185138,0.137097671
3/1/22,Freilich,Ideal,3,T,A,Ideal,131.9,7.58,0.182015168,45.42857143,20.85714286,33.71428571,693.2448,24.58847775,1.617423888,1.143615102,1.209693085,111.6236429,1.776208663,0.152574908
3/1/22,Freilich,Ideal,1,T,B,Ideal,100.5,7.96,0.195238095,40.5,26.64285714,32.85714286,647.028,43.31397919,2.045332072,1.139020185,1.271561772,44.25208163,1.473316476,0.079424139
3/1/22,Freilich,Ideal,2,T,B,Ideal,119.5,7.9,0.186567164,45.14285714,27.07142857,27.78571429,627.2208,18.38007608,1.632349958,1.169705682,1.343240093,60.78606965,1.088066014,0.09065145
3/1/22,Freilich,Ideal,3,T,B,Ideal,84.59,8.16,0.195899772,42.78571429,25.64285714,31.57142857,739.4616,24.53905636,1.730668414,1.128589852,1.300796426,29.38313483,1.056207996,0.088769826
3/1/22,Freilich,Ideal,1,V,A,Ideal,198.6,7.44,0.201764057,42.35714286,23.5,34.14285714,587.6064,18.74832456,1.541590449,1.134718109,1.204448329,32.4931858,1.822876028,0.15809108
3/1/22,Freilich,Ideal,2,V,A,Ideal,238.6,7.56,0.204572804,40.71428571,25.57142857,33.71428571,587.6064,23.50621547,3.342071823,1.371878501,1.156468531,39.79628675,1.819256767,0.113093838
3/1/22,Freilich,Ideal,3,V,A,Ideal,198.1,7.53,0.176401869,43.14285714,25.57142857,31.28571429,574.4016,23.60195591,2.963097039,1.459712018,1.231643357,46.42473965,1.286480353,0.057976146
3/1/22,Freilich,Ideal,1,V,B,Ideal,143.9,8.01,0.231445313,38.5,21.64285714,39.85714286,640.4256,24.49395745,1.400680851,1.44604263,1.226107226,18.65492188,0.946825605,0.080411039
3/1/22,Freilich,Ideal,2,V,B,Ideal,162.3,7.68,0.241935484,38.64285714,24.07142857,37.28571429,488.5704,17.08522236,3.063087675,1.280881476,1.266802642,25.1858679,0.74152754,0.065840196
3/1/22,Freilich,Ideal,3,V,B,Ideal,168.4,7.99,0.213592233,41.64285714,21.92857143,36.42857143,686.6424,NA,2.183130699,1.310868098,1.285547786,30.70782247,1.158374071,0.05403207
3/1/22,Freilich,Ideal ,1,T,A,Ideal,116,7.6,0.175675676,44.21428571,22.85714286,32.92857143,534.7872,18.24095238,1.647936508,1.293827157,1.175407925,52.06198198,1.612783713,0.106817026
2/15/22,Gallo,Challenging,1,T,A,Challenging,65.71,7.48,0.053941909,66.78571429,22.92857143,10.28571429,653.6304,33.85368421,1.511052632,0.878413209,1.368104118,33.72913456,1.124370057,0.090533583
2/15/22,Gallo,Challenging,2,T,A,Challenging,75.17,7.73,0.050796813,72.21428571,18.85714286,8.928571429,581.004,40.25785639,1.3530775,0.897252914,1.258644134,28.59529501,1.119472596,0.089753955
2/15/22,Gallo,Challenging,3,T,A,Challenging,71.36,7.36,0.067021277,70,19.92857143,10.07142857,765.8712,23.49301841,1.163788891,0.908203221,1.324397824,35.34020466,1.324671859,0.105643435
2/15/22,Gallo,Challenging,1,T,B,Challenging,59.62,7.94,0.063983488,69,22.5,8.5,567.7992,33.25692393,1.151587652,0.882044781,1.379370629,16.3414212,0.872274361,0.074617899
2/15/22,Gallo,Challenging,2,T,B,Challenging,74.21,7.29,0.054695562,71.35714286,19.14285714,9.5,680.04,28.85175608,1.092348721,0.871776526,1.223484848,22.90860829,1.162926342,0.087634436
2/15/22,Gallo,Challenging,3,T,B,Challenging,67.64,7.55,0.074611399,70.21428571,20.57142857,9.214285714,581.004,20.51710606,1.088918573,0.894047326,1.309926185,16.9137133,1.022328336,0.083123765
2/15/22,Gallo,Challenging,1,V,A,Challenging,102.7,8.51,0.087284483,70.42857143,21.14285714,8.428571429,481.968,20.15323157,1.13864564,0.932078821,1.478729604,18.88581691,0.681859134,0.055974464
2/15/22,Gallo,Challenging,2,V,A,Challenging,105.1,8.38,0.072289157,70.64285714,21.92857143,7.428571429,594.2088,16.76970315,1.16380334,0.891401241,1.478049728,25.92667814,0.81131205,0.066952216
2/15/22,Gallo,Challenging,3,V,A,Challenging,102.1,8.65,0.087378641,64.64285714,24,11.35714286,528.1848,18.34796353,1.162674772,0.9166211,1.308275058,16.81220065,0.787242399,0.065152083
2/15/22,Gallo,Challenging,1,V,B,Challenging,101.4,8.41,0.10106383,68.85714286,22.92857143,8.214285714,448.956,21.01207101,1.118698225,0.941004151,1.550990676,17.7962614,0.574787937,0.052406838
2/15/22,Gallo,Challenging,2,V,B,Challenging,88.59,8.47,0.097137014,69.57142857,21.35714286,9.071428571,481.968,17.53339265,1.096845171,0.920420584,1.650835276,17.31206544,0.623323038,0.051948799
2/16/22,Gallo,Challenging,3,V,B,Challenging,139.1,8.62,0.108671789,68.64285714,21.64285714,9.714285714,521.5824,31.76903589,1.244560169,0.942446631,1.378302253,17.17679055,0.849208978,0.068923021
2/15/22,Gallo,Ideal,2,T,A,Ideal,120.9,7.8,0.060416667,76.71428571,18.71428571,4.571428571,719.6544,29.31269768,1.404862732,0.947024982,1.278263403,43.75289286,1.093927019,0.109168226
2/15/22,Gallo,Ideal,3,T,A,Ideal,91.66,7.59,0.048117155,72.57142857,20.64285714,6.785714286,680.04,37.38521064,1.392616408,0.938254115,1.388111888,38.60753138,1.399983285,0.14050142
2/15/22,Gallo,Ideal,1,T,B,Ideal,163.3,7.86,0.07495069,71.28571429,20.71428571,8,653.6304,22.28142229,1.795544741,0.879438678,1.482905983,26.14819949,1.186785211,0.121570912
2/15/22,Gallo,Ideal,2,T,B,Ideal,113.9,7.6,0.064182195,71.85714286,20.92857143,7.214285714,581.004,20.8551721,1.30883643,0.940408291,1.510003885,23.69440994,0.922214546,0.095618806
2/15/22,Gallo,Ideal,3,T,B,Ideal,72.37,8.22,0.049902153,75.78571429,18.14285714,6.071428571,435.7512,21.9088622,2.118217446,0.920056523,1.5495338,13.25357935,0.755525971,0.073319716
2/15/22,Gallo,Ideal,1,V,A,Ideal,95.28,7.5,0.098039216,68.42857143,24.57142857,7,448.956,19.52933941,1.412308371,0.903672611,1.463092463,38.71848739,0.602574652,0.062216206
2/15/22,Gallo,Ideal,2,V,A,Ideal,231.1,8.7,0.070175439,76.85714286,17.42857143,5.714285714,574.4016,18.78944099,1.219254658,0.945186622,1.230769231,21.81328321,0.865384439,0.092220974
2/15/22,Gallo,Ideal,3,V,A,Ideal,443.1,8.42,0.069222577,79.85714286,15.14285714,5,587.6064,15.33803235,1.020458221,0.881388564,1.483294483,20.68142401,0.783450242,0.080995404
2/15/22,Gallo,Ideal,1,V,B,Ideal,137.7,7.71,0.111597374,66.78571429,24.57142857,8.642857143,541.3896,16.70434783,1.159267735,0.933565999,1.478146853,16.25178076,0.943236687,0.101636498
2/15/22,Gallo,Ideal,2,V,B,Ideal,223.9,8.48,0.102844639,72.21428571,21.71428571,6.071428571,462.1608,18.84745954,1.060323716,0.954127562,1.391317016,3.688746483,0.706274338,0.073047348
2/15/22,Gallo,Ideal,3,V,B,Ideal,356.8,8.82,0.090909091,75,19.57142857,5.428571429,382.932,16.21836934,1.072557491,0.935257299,1.50456488,9.876190476,0.523033927,0.053186316
2/15/22,Gallo,Ideal ,1,T,A,Ideal,622.3,7.1,0.08042328,68.42857143,23.71428571,7.857142857,448.956,15.952,1.296,0.920819364,1.397241647,49.42117914,0.785615359,0.081945197
2/15/22,Irick,Challenging,1,T,A,Challenging,76.63,7.23,0.064550265,58.42857143,28.64285714,12.92857143,681.84,36.79218164,1.647411118,0.973415866,1.352369852,38.99636735,1.057246363,0.077945818
2/15/22,Irick,Challenging,2,T,A,Challenging,75.14,7.02,0.068783069,55.42857143,29.57142857,15,854.4384,43.30439935,1.87400974,0.963453316,1.282731158,58.27156463,2.913962593,NA
2/15/22,Irick,Challenging,3,T,A,Challenging,60.49,7.55,0.078472959,57.14285714,26.92857143,15.92857143,588.9024,20.72110472,1.653279632,1.006232573,1.249708625,28.46398727,0.89422551,0.073378913
2/15/22,Irick,Challenging,1,T,B,Challenging,48.86,7.54,0.077087794,56.85714286,29.35714286,13.78571429,1339.0416,14.97887305,2.184746437,1.004448316,1.478826729,12.80832467,0.578433176,0.044512337
2/15/22,Irick,Challenging,2,T,B,Challenging,47.43,7.24,0.071049841,53.57142857,30.5,15.92857143,1239.4656,20.25253425,2.019794521,0.96623619,1.210664336,18.15226228,0.766677225,0.057675096
2/15/22,Irick,Challenging,3,T,B,Challenging,51.93,7.29,0.115675676,50.57142857,28.64285714,20.78571429,376.4736,16.28845966,2.223031785,1.137039058,1.273115773,14.03177606,0.669781114,0.054016442
2/15/22,Irick,Challenging,1,V,A,Challenging,132.8,8.66,0.094080338,62.14285714,30.42857143,7.428571429,272.4336,18.70886981,1.646766128,0.940325371,1.367035742,9.671599718,0.89405486,0.074609639
2/15/22,Irick,Challenging,2,V,A,Challenging,141.1,8.41,0.078389831,60.07142857,29.14285714,10.78571429,462.7728,16.45231527,1.621615764,0.952253256,1.310606061,17.53113398,0.832223151,0.066366357
2/15/22,Irick,Challenging,3,V,A,Challenging,163.8,7.93,0.07231405,64.64285714,24,11.35714286,588.9024,23.24556157,1.796531976,0.975430605,1.437645688,20.959268,1.500242113,0.108482864
2/15/22,Irick,Challenging,1,V,B,Challenging,81.74,8.38,0.116355653,59.5,31.28571429,9.214285714,456.1344,14.04503638,2.167137533,1.000591737,1.344794095,13.15997596,0.438647354,0.030636526
2/15/22,Irick,Challenging,2,V,B,Challenging,96.41,8.07,0.123076923,57.07142857,30.92857143,12,403.0272,16.00736842,2.22,1.017744778,1.304972805,19.35774359,0.58244454,0.04451272
2/16/22,Irick,Challenging,3,V,B,Challenging,77.25,7.76,0.116926503,56.35714286,30.78571429,12.85714286,681.84,16.14168618,1.821113313,1.017535885,1.430167055,7.412026726,0.677503281,0.045694353
2/15/22,Irick,Ideal,2,T,A,Ideal,91.52,7.53,0.066872428,55.64285714,33.78571429,10.57142857,661.9248,25.76298839,1.561393236,0.98374558,1.415889666,25.53628935,1.249737653,0.102792638
2/15/22,Irick,Ideal,3,T,A,Ideal,137,7.56,0.066737288,55.28571429,31.85714286,12.85714286,661.9248,27.18097338,1.815167743,0.930783024,1.382478632,37.94620503,1.308522094,0.109563303
2/15/22,Irick,Ideal,1,T,B,Ideal,107.7,7.33,0.096069869,56.71428571,32.21428571,11.07142857,NA,27.23835901,1.969972434,0.953370871,1.489219114,14.36584955,0.938155457,0.073537888
2/15/22,Irick,Ideal,2,T,B,Ideal,237.4,7.2,0.071805702,57.5,31.14285714,11.35714286,336.6432,16.5184058,2.198695652,0.990006205,1.592657343,11.884305,0.505853607,0.043494382
2/15/22,Irick,Ideal,3,T,B,Ideal,78.75,8.02,0.076843198,55.85714286,33.5,10.64285714,602.1792,15.90071672,2.021740614,0.936641115,1.377719503,9.98017149,0.412098744,0.031435584
2/15/22,Irick,Ideal,1,V,A,Ideal,87.11,7.43,0.073954984,53.42857143,36.07142857,10.5,436.2192,15.80695484,2.231200386,0.958049131,1.282536908,20.25097046,0.53569208,0.045256339
2/15/22,Irick,Ideal,2,V,A,Ideal,157.9,7.08,0.073015873,56,34.57142857,9.428571429,907.5456,22.59764881,1.839434524,1.015737505,1.33537296,23.56507937,1.0084695,0.085736866
2/15/22,Irick,Ideal,3,V,A,Ideal,186.2,7.55,0.067510549,48.78571429,38.92857143,12.28571429,1166.4432,14.54148728,2.751937378,1.006877373,1.418026418,15.42156863,0.851372722,0.068842332
2/15/22,Irick,Ideal,1,V,B,Ideal,202.3,7,0.10130719,55.42857143,34.07142857,10.5,648.648,21.07766645,1.746767938,1.007436569,1.438034188,6.146458333,0.71616208,0.065960701
2/15/22,Irick,Ideal,2,V,B,Ideal,72.18,7.41,0.109375,54.5,34.57142857,10.92857143,316.728,15.84516364,1.751563636,1.004726932,1.501359751,5.428191281,0.478490472,0.037380524
2/15/22,Irick,Ideal,3,V,B,Ideal,91.23,7.3,0.115612648,52.42857143,35.21428571,12.35714286,1113.336,15.00593985,2.204586466,1.071518178,1.485528361,7.420757576,0.510918246,0.04372556
2/15/22,Irick,Ideal ,1,T,A,Ideal,130.2,7.86,0.103484688,56.5,32.78571429,10.71428571,NA,17.30349242,2.016261772,1.023842054,1.412975913,32.38168724,0.68481523,0.058813446
3/1/22,Jeff,Challenging,1,T,A,Challenging,314.8,8.06,0.14050494,66.64285714,26.42857143,6.928571429,952.848,92.5156821,1.822765957,1.075326595,0.925699301,234.6272228,4.915178163,0.21230401
3/1/22,Jeff,Challenging,2,T,A,Challenging,301,7.97,0.141666667,63.14285714,24.28571429,12.57142857,733.752,62.39414634,4.36195122,1.001728406,0.950369075,121.1208854,5.096592375,0.163392548
3/1/22,Jeff,Challenging,3,T,A,Challenging,268.9,7.9,0.144880174,59.42857143,26.64285714,13.92857143,849.744,64.13499738,7.122438514,1.039733359,0.958624709,283.0165069,5.110385723,0.174214457
3/1/22,Jeff,Challenging,1,T,B,Challenging,318.4,7.76,0.206197855,62,26.21428571,11.78571429,637.092,19.30183673,1.382653061,1.078437093,0.96513209,256.7952654,4.339362111,0.1489266
3/1/22,Jeff,Challenging,2,T,B,Challenging,191.9,7.92,0.198135198,65.07142857,28.14285714,6.785714286,579.096,21.60391924,1.233372922,1.06594019,0.945415695,283.7441983,4.206789109,0.134833982
3/1/22,Jeff,Challenging,3,T,B,Challenging,214.6,8.03,0.199300699,59.07142857,27.42857143,13.5,707.976,16.93185962,1.755955409,1.085869253,0.983294483,406.4667246,5.175603591,0.110790635
3/1/22,Jeff,Challenging,1,V,A,Challenging,218.1,8.25,0.121651786,58.64285714,29,12.35714286,630.648,16.36181918,1.59985667,1.561449435,0.986693862,65.82176344,4.736311387,0.151006923
3/1/22,Jeff,Challenging,2,V,A,Challenging,247,8.34,0.190205011,60.64285714,26.07142857,13.28571429,527.544,16.92644128,1.442455516,1.044939849,0.899087024,14.77527854,4.464694567,0.127551931
3/1/22,Jeff,Challenging,3,V,A,Challenging,328.6,8.24,0.139614075,62.71428571,28.57142857,8.714285714,701.532,15.84541687,1.487211117,1.616324442,0.97027972,91.58905275,5.136769087,0.153803351
3/1/22,Jeff,Challenging,1,V,B,Challenging,238.5,8.26,0.238498789,60.42857143,27.07142857,12.5,514.656,15.57232779,1.472090261,1.150371992,0.973776224,20.48461628,4.252047601,0.106686586
3/1/22,Jeff,Challenging,2,V,B,Challenging,229,8.48,0.24784217,63.85714286,27.14285714,9,508.212,15.39803613,1.330301104,1.147250355,0.891996892,2050.931011,3.884268359,0.124080251
3/2/22,Jeff,Challenging,3,V,B,Challenging,345.3,8.28,0.243589744,64.5,27.35714286,8.142857143,572.652,16.11247813,1.334052478,1.285103996,1.035742036,107.5076544,5.035885118,0.115829555
3/1/22,Jeff,Ideal,2,T,A,Ideal,232.7,6.59,0.246171967,73.92857143,18.78571429,7.285714286,1120.392,45.17372222,2.029611111,1.10458535,0.90967366,990.7396513,3.832764424,0.377189265
3/1/22,Jeff,Ideal,3,T,A,Ideal,274.4,7.79,0.230769231,67,24.14285714,8.857142857,1017.288,53.76252877,2.310077861,1.202662939,0.82983683,1009.272288,2.928358315,0.312083982
3/1/22,Jeff,Ideal,1,T,B,Ideal,482.5,7.67,0.215294118,75.21428571,15.14285714,9.642857143,1043.064,54.30893624,2.130538698,NA,0.99524087,553.0500107,3.211867217,0.32569085
3/1/22,Jeff,Ideal,2,T,B,Ideal,174.6,7.85,0.242944785,66.35714286,21.35714286,12.28571429,875.52,29.03510754,1.561027287,1.129973837,1.014374514,573.1037104,2.790880133,0.25098252
3/1/22,Jeff,Ideal,3,T,B,Ideal,157.3,8.07,0.222988506,64.71428571,24.57142857,10.71428571,946.404,24.88101613,2.413419258,NA,0.908022533,553.6717724,2.566323304,0.278922182
3/1/22,Jeff,Ideal,1,V,A,Ideal,476.1,7.9,0.241420118,68.5,17.64285714,13.85714286,817.524,29.08290247,2.082479436,1.255504498,0.656954157,NA,2.56061206,0.263774834
3/1/22,Jeff,Ideal,2,V,A,Ideal,763.2,7.64,0.226744186,74.21428571,18.78571429,7,1075.284,26.93166667,1.632222222,1.300198563,0.780885781,1798.179653,3.317606833,0.340296466
3/1/22,Jeff,Ideal,3,V,A,Ideal,225.4,7.6,0.273764259,63.85714286,25.14285714,11,1159.056,14.16547348,2.050471852,1.328593128,0.779040404,675.7247167,3.194623098,0.349595527
3/1/22,Jeff,Ideal,1,V,B,Ideal,254.9,8.03,0.315203956,76.5,16.71428571,6.785714286,1010.844,17.6,1.87,1.376627957,0.830516706,400.247961,3.316881381,0.328762887
3/1/22,Jeff,Ideal,2,V,B,Ideal,477.1,8.02,0.314176245,72.21428571,17.85714286,9.928571429,1017.288,19.6264605,1.985963025,1.42804321,0.786421911,673.3267322,3.300819241,0.330149806
3/1/22,Jeff,Ideal,3,V,B,Ideal,306.1,8.13,0.329910141,62.21428571,26.92857143,10.85714286,991.512,18.40841308,1.39891222,1.306584789,0.859265734,399.6966796,2.8271068,0.294446561
3/1/22,Jeff,Ideal ,1,T,A,Ideal,353,7.85,0.205367561,74.92857143,15.71428571,9.357142857,1010.844,18.7437081,1.626689015,1.396767907,0.855089355,1177.569318,2.90841286,0.284549162
2/4/22,JLohr ,Challenging,1,T,A,Challenging,176.7,7.74,0.114190687,20.07142857,40.71428571,39.21428571,1165.3056,74.32478927,1.990766284,1.005787376,1.405205905,107.3138634,0.829985094,0.082754921
2/4/22,JLohr ,Challenging,2,T,A,Challenging,175.5,7.78,0.11827957,25.5,40.07142857,34.42857143,1011.8592,48.88933426,2.147947295,0.995044735,1.408896659,93.66589862,1.384670252,0.078515926
2/4/22,JLohr ,Challenging,3,T,A,Challenging,187.4,7.52,0.115550756,27.14285714,41.57142857,31.28571429,1101.3696,44.26469518,2.303483167,0.975289729,1.427933178,105.1092461,0.306898604,0.026956022
2/4/22,JLohr ,Challenging,1,T,B,Challenging,80.47,7.97,0.08125,21.78571429,44.14285714,34.07142857,513.1584,31.49981982,1.686486486,0.955755708,0.815947941,18.62091667,2.298941379,0.189938315
2/4/22,JLohr ,Challenging,2,T,B,Challenging,77.29,8.04,0.086767896,21.92857143,41.71428571,36.35714286,557.9136,30.79215116,1.750290698,0.939236408,1.384324009,23.57299349,1.84343085,0.115415657
2/4/22,JLohr ,Challenging,3,T,B,Challenging,80.61,7.87,0.085623679,23.71428571,41.57142857,34.71428571,538.7328,25.72333749,2.068627573,0.945618021,1.538752914,23.1288352,0.850428479,0.081693595
2/4/22,JLohr ,Challenging,1,V,A,Challenging,95.64,8.68,0.063983488,23.14285714,39.28571429,37.57142857,487.584,22.73258486,2.107491378,0.957605442,1.458721834,15.0749226,2.770049588,0.187157226
2/4/22,JLohr ,Challenging,2,V,A,Challenging,161.2,8.81,0.105095541,21.85714286,47.71428571,30.42857143,519.552,21.88312236,1.574852321,0.977860061,1.479312354,19.76063088,0.444133956,0.043082536
2/4/22,JLohr ,Challenging,3,V,A,Challenging,142.4,8.73,0.06984127,25.14285714,39.28571429,35.57142857,545.1264,25.68654354,1.792084433,0.964750762,1.47979798,19.77178231,0.572503833,0.059311273
2/4/22,JLohr ,Challenging,1,V,B,Challenging,89.22,8.59,0.086767896,20.92857143,42.71428571,36.35714286,487.584,18.32808313,1.621519419,0.978133554,1.333916084,16.1228024,4.942691802,0.334421743
2/4/22,JLohr ,Challenging,2,V,B,Challenging,334.2,8.3,0.087606838,20.07142857,43.07142857,36.85714286,513.1584,19.21678689,1.714360656,0.994770145,1.42016317,16.90056777,1.160080206,0.05415081
2/5/22,JLohr ,Challenging,3,V,B,Challenging,189,8.52,0.089783282,28.78571429,40.28571429,30.92857143,500.3712,17.86527845,2.099467312,0.966336029,1.436383061,16.55279965,0.592530129,0.057849157
2/4/22,JLohr ,Ideal,2,T,A,Ideal,128.4,8.5,0.079607415,20.07142857,39.21428571,40.71428571,717.7536,56.23274386,2.330163625,0.715711254,1.251165501,77.80863582,1.399363734,0.088613458
2/4/22,JLohr ,Ideal,3,T,A,Ideal,138.3,8.3,0.083150985,27.5,36.78571429,35.71428571,788.0832,48.32788839,2.057986607,0.853537069,1.349747475,85.73056163,1.19950863,0.05382797
2/4/22,JLohr ,Ideal,1,T,B,Ideal,98,8.7,0.052183174,23.57142857,38.07142857,38.35714286,826.4448,51.204,2.244,0.865176906,1.239024864,28.46303058,0.313940442,0.031162073
2/4/22,JLohr ,Ideal,2,T,B,Ideal,106.2,8.65,0.077336198,19.85714286,38.57142857,41.57142857,532.3392,28.37917541,1.927391304,0.846699723,1.297785548,17.61495064,0.754038573,0.075731467
2/4/22,JLohr ,Ideal,3,T,B,Ideal,111.2,8.5,0.088865096,18.14285714,39.57142857,42.28571429,513.1584,32.61884927,2.008379254,0.881797831,1.258449883,39.83897216,0.608271049,0.041034343
2/4/22,JLohr ,Ideal,1,V,A,Ideal,128.3,8.82,0.075935829,28,43.78571429,28.21428571,660.2112,28.24155537,1.738089603,0.918384765,1.485819736,34.94191495,1.619681531,0.109736072
2/4/22,JLohr ,Ideal,2,V,A,Ideal,166.4,9.17,0.073839662,24.21428571,38.64285714,37.14285714,711.36,59.717963,2.053113439,0.887890542,1.313131313,14.69620253,2.901712103,0.239155939
2/4/22,JLohr ,Ideal,3,V,A,Ideal,122.3,9,0.076923077,18.42857143,38.57142857,43,615.456,51.59352309,2.076100967,0.870212475,1.357711733,21.53406593,2.955467454,0.191124559
2/4/22,JLohr ,Ideal,1,V,B,Ideal,147.5,8.8,0.094781683,23,41.07142857,35.92857143,545.1264,48.05223635,2.199281975,0.91973929,1.315850816,29.46102236,1.695273014,0.095445253
2/4/22,JLohr ,Ideal,2,V,B,Ideal,184.7,8.97,0.085903084,19.71428571,42.64285714,37.64285714,647.424,44.47472924,2.250902527,0.909740823,1.003108003,20.01308999,2.405635653,0.196057619
2/4/22,JLohr ,Ideal,3,V,B,Ideal,156.8,8.85,0.107411386,18.42857143,42.64285714,38.92857143,525.9456,38.54376696,2.213886672,0.90710529,1.33479021,22.84665746,2.134812664,0.121508077
2/4/22,JLohr ,Ideal ,1,T,A,Ideal,185.9,8.26,0.0813792,29.92857143,33,37.07142857,577.0944,31.48656814,2.397569787,0.948875284,1.371309246,NA,1.629011446,0.096439998
2/16/22,Lowell Zellinski,Challenging,1,T,A,Challenging,65.08,7.22,0.112322792,73.21428571,13.07142857,13.71428571,647.424,44.41999298,2.805559846,1.019391557,1.424048174,43.0232665,2.639476761,0.170377
2/16/22,Lowell Zellinski,Challenging,2,T,A,Challenging,58.81,7.26,0.056716418,74.78571429,13.57142857,11.64285714,666.6048,43.39151899,2.603797468,0.926403128,1.115675991,35.20528216,0.327064526,0.029176005
2/16/22,Lowell Zellinski,Challenging,3,T,A,Challenging,48.92,7.12,0.072708114,74.28571429,13.5,12.21428571,621.8496,39.37945779,2.195996753,0.95300004,1.411421911,16.99668501,0.295859185,0.025935104
2/16/22,Lowell Zellinski,Challenging,1,T,B,Challenging,32.14,7.03,0.191562144,75.35714286,11.92857143,12.71428571,327.744,16.769865,2.366862785,1.136656525,1.476495726,15.70139871,1.995325524,0.123398967
2/16/22,Lowell Zellinski,Challenging,2,T,B,Challenging,35.57,6.74,0.099365751,76.64285714,10.64285714,12.71428571,378.8928,16.45207243,2.005955734,0.986363991,1.562839938,22.82998868,0.533411404,0.043698833
2/16/22,Lowell Zellinski,Challenging,3,T,B,Challenging,40.44,6.82,0.136465324,74.07142857,11.71428571,14.21428571,430.0416,18.24393782,2.336787565,1.061147613,1.408022533,22.36909875,0.753735379,0.058834633
2/16/22,Lowell Zellinski,Challenging,1,V,A,Challenging,150.2,9.09,0.103783784,74.71428571,14.21428571,11.07142857,404.4672,20.25726348,2.635884887,1.238648343,1.453574204,26.30604093,0.888069466,0.078042147
2/16/22,Lowell Zellinski,Challenging,2,V,A,Challenging,126.6,8.68,0.083961249,75.42857143,14.07142857,10.5,532.3392,17.53781434,1.664982374,1.036609135,NA,21.33365114,0.520856974,0.043838909
2/16/22,Lowell Zellinski,Challenging,3,V,A,Challenging,95.06,7.58,0.062626263,78.42857143,12.64285714,8.928571429,423.648,16.63465517,2.268362069,1.001221262,1.443376068,14.99895218,0.662387401,0.049262594
2/16/22,Lowell Zellinski,Challenging,1,V,B,Challenging,131.9,8.98,0.20738975,70.92857143,12.28571429,16.78571429,385.2864,17.10057573,3.923183673,1.199592414,1.397144522,11.05842613,0.795155204,0.065842844
2/16/22,Lowell Zellinski,Challenging,2,V,B,Challenging,146,9.09,0.099787686,74.71428571,12.21428571,13.07142857,353.3184,13.97659704,1.772365229,1.073941531,1.550213675,2.803563402,0.848938415,0.066243979
2/17/22,Lowell Zellinski,Challenging,3,V,B,Challenging,114.4,8.87,0.185354691,75,12.78571429,12.21428571,244.6272,14.34890851,2.455136437,1.171096183,1.339160839,11.01347281,0.547511382,0.050293008
2/16/22,Lowell Zellinski,Ideal,2,T,A,Ideal,43,6.38,0.058473736,69.92857143,20.71428571,9.357142857,532.3392,25.97598864,1.893380906,0.912609566,1.32964258,30.75205578,1.77082551,0.127853216
2/16/22,Lowell Zellinski,Ideal,3,T,A,Ideal,52.1,7.35,0.062959077,71.07142857,19.5,9.428571429,666.6048,2.164403008,1.703891729,0.928454766,1.416278166,0.367578624,0.538987936,0.043514399
2/16/22,Lowell Zellinski,Ideal,1,T,B,Ideal,69.82,7.5,0.05,73.07142857,18.5,8.428571429,832.8384,33.1212206,3.295912654,1.031827829,1.436577312,6.632571429,0.865481232,0.072269969
2/16/22,Lowell Zellinski,Ideal,2,T,B,Ideal,29.91,5.62,0.065306122,70.57142857,20.28571429,9.142857143,334.1376,13.71473684,2.976842105,0.918631772,1.513986014,15.11776062,0.64249355,0.053741655
2/16/22,Lowell Zellinski,Ideal,3,T,B,Ideal,31.31,7.4,0.071564885,69.5,19.28571429,11.21428571,353.3184,16.96988147,1.888983157,0.936504759,1.275252525,13.74669666,0.550400888,0.04669505
2/16/22,Lowell Zellinski,Ideal,1,V,A,Ideal,42.72,7.42,0.270916335,71.78571429,20.71428571,7.5,455.616,19.78200705,2.067941565,0.936353708,1.412587413,5.53866833,0.477951849,0.04228821
2/16/22,Lowell Zellinski,Ideal,2,V,A,Ideal,103.4,8.31,0.098290598,69.28571429,21.64285714,9.071428571,493.9776,23.92967213,1.951967213,1.239248096,1.439296814,16.26083028,0.640091309,0.064368953
2/16/22,Lowell Zellinski,Ideal,3,V,A,Ideal,87.03,8.91,0.072110286,70.07142857,21.71428571,8.214285714,404.4672,17.98788761,1.688131347,0.992876872,1.428127428,3.61054598,0.385298474,0.03520681
2/16/22,Lowell Zellinski,Ideal,1,V,B,Ideal,115.3,8.98,0.106796117,73.14285714,19.5,7.357142857,436.4352,17.21099102,3.45156898,0.975177225,1.297785548,9.989546926,1.10843107,0.092095408
2/16/22,Lowell Zellinski,Ideal,2,V,B,Ideal,88.22,8.65,0.094771242,70.5,21.64285714,7.857142857,449.2224,14.12195652,1.772391304,1.227588857,1.471542347,9.403228758,0.726631569,0.061479652
2/16/22,Lowell Zellinski,Ideal,3,V,B,Ideal,75.91,9.03,0.105434783,69.35714286,21.28571429,9.357142857,251.0208,15.3809541,1.616085611,0.996194594,1.544094794,11.31617909,1.138378212,0.078409849
2/16/22,Lowell Zellinski,Ideal ,1,T,A,Ideal,92.44,9.05,0.038246269,72.28571429,20.71428571,7,359.712,15.988226,1.818140948,1.002208613,1.341588967,30.73602771,0.311791618,0.027075231
2/3/22,McPrice,Challenging,1,T,A,Challenging,278.4,7.92,0.247652582,16.28571429,32.21428571,51.5,1101.06,85.4674779,4.650026001,1.146919818,1.035742036,105.274864,2.669981225,0.24163077
2/3/22,McPrice,Challenging,2,T,A,Challenging,209.4,8.14,0.291450777,16.71428571,33.5,49.78571429,1088.172,69.77252546,2.517785323,1.269700309,1.032051282,92.90716753,2.780662407,0.238010421
2/3/22,McPrice,Challenging,3,T,A,Challenging,218.2,7.99,0.263027295,17.85714286,34.5,47.64285714,1062.396,50.36397306,4.910572391,1.283991683,0.943278943,58.85657832,2.800202266,0.228990901
2/3/22,McPrice,Challenging,1,T,B,Challenging,167.3,8.19,0.27630925,15,33.35714286,51.64285714,1010.844,29.65980777,2.128229213,1.219212117,1.032536908,80.56005154,2.516627012,0.233884289
2/3/22,McPrice,Challenging,2,T,B,Challenging,219.3,8.22,0.279126214,14.5,32.92857143,52.57142857,1036.62,43.61507937,2.081890332,1.234857886,0.806332556,67.61439325,2.501634323,0.220629595
2/3/22,McPrice,Challenging,3,T,B,Challenging,185.8,8.16,0.273492286,14.92857143,31.85714286,53.21428571,1017.288,28.3849237,1.956389042,1.193560676,1.022921523,66.44116076,2.315570839,0.206659113
2/3/22,McPrice,Challenging,1,V,A,Challenging,220.5,8.2,0.250931677,16.57142857,30.35714286,53.07142857,1017.288,47.13357024,6.142051647,1.240774245,0.868298368,113.814979,2.641195102,0.246288543
2/3/22,McPrice,Challenging,2,V,A,Challenging,227.6,8.06,0.306306306,16.5,34.71428571,48.78571429,1223.496,46.28585652,2.211026592,1.268481701,1.048271173,115.0710425,2.952838292,0.25786676
2/3/22,McPrice,Challenging,3,V,A,Challenging,189.1,8.11,0.283697047,15.78571429,33.21428571,51,1049.508,35.15003584,2.026738351,1.254115853,0.980283605,29.50890469,2.628024397,0.228411658
2/3/22,McPrice,Challenging,1,V,B,Challenging,212.3,8.32,0.233990148,14.07142857,31.64285714,54.28571429,933.516,36.06415557,3.97603736,1.180788826,1.056332556,54.82993197,2.32716307,0.221558493
2/3/22,McPrice,Challenging,2,V,B,Challenging,220.7,8.11,0.302631579,16.14285714,34.92857143,48.92857143,1139.724,96.63309973,1.91180593,1.271543512,0.993686869,51.64111631,2.782127016,0.227648189
2/4/22,McPrice,Challenging,3,V,B,Challenging,225.4,8.07,0.276492083,15.64285714,31.64285714,52.71428571,985.068,29.29326599,1.92047138,1.239933785,1.076631702,70.74344296,2.304955763,0.216749731
2/3/22,McPrice,Ideal,2,T,A,Ideal,280.6,8.04,0.234018265,7.428571429,41.5,51.07142857,1043.064,129.7221869,4.296071243,1.112315841,0.735722611,91.76174168,3.562861474,0.287755889
2/3/22,McPrice,Ideal,3,T,A,Ideal,197.7,8.06,0.23378213,14.85714286,36.5,48.64285714,1120.392,37.99846001,2.316741182,1.171295098,0.909770785,56.3108576,3.194236128,0.257225881
2/3/22,McPrice,Ideal,1,T,B,Ideal,224.2,8.11,0.252681764,14.42857143,32,53.57142857,1055.952,42.94215122,2.276890309,1.142261169,0.955322455,84.49197457,3.621026313,0.281642559
2/3/22,McPrice,Ideal,2,T,B,Ideal,206.6,8.2,0.214201183,9.714285714,39.21428571,51.07142857,1055.952,30.62843244,1.281902483,1.234277794,0.94454157,55.25683115,3.222087325,0.251549999
2/3/22,McPrice,Ideal,3,T,B,Ideal,171.1,7.98,0.217391304,10.5,31.71428571,57.78571429,772.416,42.23680579,3.150302639,1.109630698,1.02020202,48.03312629,2.769618119,0.230374872
2/3/22,McPrice,Ideal,1,V,A,Ideal,209.7,8.11,0.220398593,6.857142857,41.21428571,51.92857143,869.076,38.48888889,3.244444444,1.105524516,0.976884227,91.44180335,3.122191576,0.240367329
2/3/22,McPrice,Ideal,2,V,A,Ideal,216.5,8.12,0.238916256,13.28571429,33.85714286,52.85714286,1088.172,120.6917651,5.465407805,1.09172414,0.974456099,96.56373446,3.746318733,0.285221714
2/3/22,McPrice,Ideal,3,V,A,Ideal,190,8.18,0.24600246,10.35714286,34.64285714,55,1088.172,44.19859454,2.33383264,1.160708536,0.899281274,76.19357249,3.212309807,0.254654453
2/3/22,McPrice,Ideal,1,V,B,Ideal,207,8.11,0.226958525,12.78571429,37.42857143,49.78571429,1017.288,52.50326653,1.765901499,1.173201822,1.00971251,80.85482774,3.31418829,0.261201208
2/3/22,McPrice,Ideal,2,V,B,Ideal,220.6,8.07,0.201405152,12.35714286,33.28571429,54.35714286,1062.396,101.8740189,4.417545951,1.111815376,0.942404817,34.9429182,4.067444106,0.306842158
2/3/22,McPrice,Ideal,3,V,B,Ideal,170.4,8.02,0.226506024,12.64285714,32.71428571,54.64285714,804.636,22.38988828,2.099730485,1.11646133,1.047785548,32.97614458,2.719309108,0.228381681
2/3/22,McPrice,Ideal ,1,T,A,Ideal,219.2,8.1,0.221549637,8.071428571,35.42857143,56.5,914.184,47.26367156,3.684178905,1.129943087,0.84469697,79.74780127,2.974582817,0.24201098
3/2/22,Scott,Challenging,1,T,A,Challenging,321.1,8,0.20977354,46.07142857,25.78571429,28.14285714,997.956,75.14804783,2.382811894,0.694128127,0.974261849,870.0201811,6.112450921,0.304934973
3/2/22,Scott,Challenging,2,T,A,Challenging,298.4,8.02,0.227493917,40,27.21428571,32.78571429,888.408,39.64453768,2.716438695,0.640680791,0.875,2.642628737,5.299456898,0.25829457
3/2/22,Scott,Challenging,3,T,A,Challenging,212,8.08,0.221165279,42.64285714,27.57142857,29.78571429,972.18,45.53806979,2.729411123,0.688042017,0.842560218,610.3875447,5.219897786,0.244622398
3/2/22,Scott,Challenging,1,T,B,Challenging,290.8,8.13,0.236046512,50,22.35714286,27.64285714,985.068,42.5234377,1.752635356,0.624677475,0.900932401,576.1362975,5.963286252,0.251303063
3/2/22,Scott,Challenging,2,T,B,Challenging,223.2,8.1,0.265931373,44.71428571,24.57142857,30.71428571,978.624,27.22902218,2.756720725,0.698210626,0.984362859,390.468144,5.359564285,0.268723063
3/2/22,Scott,Challenging,3,T,B,Challenging,364,7.88,0.237647059,37.21428571,28.85714286,33.92857143,778.86,28.20777778,1.60962963,0.644400898,0.483488733,207.8553189,4.945632817,0.224911666
3/2/22,Scott,Challenging,1,V,A,Challenging,224.6,8.02,0.245024876,47.85714286,23.42857143,28.71428571,939.96,45.42529772,1.955163568,0.670039281,0.912101787,1064.995901,5.755072456,0.281767033
3/2/22,Scott,Challenging,2,V,A,Challenging,281.6,7.93,0.164399093,44.42857143,25.64285714,29.92857143,881.964,38.69851715,2.216136848,0.628864126,0.980574981,778.624672,4.608647162,0.34384711
3/2/22,Scott,Challenging,3,V,A,Challenging,159.7,8.09,0.20376914,38.21428571,27.85714286,33.92857143,894.852,30.33407016,1.689894336,0.636102259,0.798951049,415.4782596,4.93160982,0.238552054
3/2/22,Scott,Challenging,1,V,B,Challenging,223.2,8.05,0.22260669,46.21428571,24.71428571,29.07142857,862.632,3.051937262,1.785095379,0.64793565,0.920843046,557.4171487,5.605972425,0.238965706
3/2/22,Scott,Challenging,2,V,B,Challenging,268.9,8.09,0.250611247,36.14285714,29.07142857,34.78571429,946.404,20.51910976,2.462293172,0.681946989,0.84032634,185.5785062,4.594518382,0.2665258
3/3/22,Scott,Challenging,3,V,B,Challenging,219,8.14,0.302036199,36.21428571,28.28571429,35.5,675.756,20.90104654,2.647899977,0.51775556,0.924339549,201.3250421,4.637559577,0.176610759
3/2/22,Scott,Ideal,2,T,A,Ideal,208.2,8.03,0.23452381,15.78571429,30,54.21428571,1055.952,50.90812995,1.983692552,0.740837465,0.945221445,318.4914168,4.424452597,0.356585873
3/2/22,Scott,Ideal,3,T,A,Ideal,229.4,8.08,0.217598098,17.5,29.92857143,52.57142857,1094.616,38.07932904,2.129628971,0.719975731,1.12480575,169.216529,4.337043325,0.351748786
3/2/22,Scott,Ideal,1,T,B,Ideal,171.7,8.16,0.25,12,28.71428571,59.28571429,991.512,30.95226227,2.257828919,0.68443711,0.882284382,85.13151885,4.715699755,0.325978061
3/2/22,Scott,Ideal,2,T,B,Ideal,188.1,8.12,0.258064516,11.78571429,29.07142857,59.14285714,920.628,28.65,1.73,0.712252475,1.011752137,219.727116,3.410200478,0.329195859
3/2/22,Scott,Ideal,3,T,B,Ideal,204.9,8.02,0.23465704,16,29.35714286,54.64285714,1010.844,20.21807453,2.318447205,0.708570352,0.966006216,273.7868377,3.171130251,0.318084883
3/2/22,Scott,Ideal,1,V,A,Ideal,199.2,8.16,0.229142186,15,28.64285714,56.35714286,933.516,21.97473046,2.10074124,0.659655967,1.054778555,102.7414304,4.360457208,0.331144802
3/2/22,Scott,Ideal,2,V,A,Ideal,190.2,8.09,0.225616921,16.71428571,29.21428571,54.07142857,1139.724,31.72756969,2.597125436,0.732204577,1.063616939,409.3623348,4.065552331,0.36171471
3/2/22,Scott,Ideal,3,V,A,Ideal,202.5,8.14,0.220696938,16.57142857,28.5,54.92857143,1081.728,38.29066551,1.523143291,0.680656448,0.9752331,469.5223221,4.342224824,0.352877133
3/2/22,Scott,Ideal,1,V,B,Ideal,204.7,8.2,0.249388753,11.14285714,28.78571429,60.07142857,1075.284,32.45277584,1.445110337,0.657955865,0.998737374,97.0981561,3.956464459,0.312549133
3/2/22,Scott,Ideal,2,V,B,Ideal,193,8.17,0.256292906,14.85714286,29.28571429,55.85714286,1101.06,19.58175896,3.496742671,0.686860168,1.01961927,136.9523021,2.779328092,0.302644999
3/2/22,Scott,Ideal,3,V,B,Ideal,233.5,8.14,0.252463054,15.85714286,27.85714286,56.28571429,933.516,20.76891868,2.554465934,0.719140191,1.108197358,261.1389839,3.573497838,0.325062238
3/2/22,Scott,Ideal ,1,T,A,Ideal,282.6,7.92,0.247914184,17.85714286,29.42857143,52.71428571,972.18,21.38020711,2.228359614,0.683877424,1.052253302,266.9011357,3.867004824,0.299764221
2/3/22,Tablas Creek,Challenging,1,T,A,Challenging,339,7.59,0.479015919,43.42857143,23.35714286,33.21428571,1226.1888,295.2028333,12.72516667,2.419616693,0.453865579,247.0591207,7.391126107,0.404932945
2/3/22,Tablas Creek,Challenging,2,T,A,Challenging,298.4,7.77,0.394190871,30.28571429,25.71428571,44,1113.336,120.2945205,8.636986301,1.513864438,0.678710179,121.3846078,7.077972347,0.25416591
2/3/22,Tablas Creek,Challenging,3,T,A,Challenging,304.4,7.8,0.435506241,36.35714286,28.28571429,35.35714286,1345.68,128.1894033,11.81614953,1.946419269,0.648310023,159.5457007,7.405114914,0.365817754
2/3/22,Tablas Creek,Challenging,1,T,B,Challenging,265.8,7.65,0.476377953,44.57142857,26.92857143,28.5,1179.72,132.1375295,13.23765843,2.435481856,0.684537685,155.5562805,6.87973396,0.309205761
2/3/22,Tablas Creek,Challenging,2,T,B,Challenging,293.4,7.82,0.406944444,38.14285714,28.64285714,33.21428571,1239.4656,261.6736802,5.274891268,1.613742969,0.782342657,262.4427778,7.266320742,0.3072768
2/3/22,Tablas Creek,Challenging,3,T,B,Challenging,312.5,7.76,0.428374656,35.5,27,37.5,1272.6576,103.7005301,8.736674699,1.932876978,0.683954934,101.9460055,6.661380553,0.282787361
2/3/22,Tablas Creek,Challenging,1,V,A,Challenging,264.7,7.6,0.407510431,35.71428571,27.78571429,36.5,1312.488,125.4799195,9.41360161,1.71742859,0.499708625,124.0489238,6.858223333,0.338143498
2/3/22,Tablas Creek,Challenging,2,V,A,Challenging,276.4,7.68,0.344827586,39.28571429,28.07142857,32.64285714,1186.3584,216.9883459,8.332706767,1.62626188,0.709887335,215.1321839,7.342916536,0.34628408
2/3/22,Tablas Creek,Challenging,3,V,A,Challenging,328.8,7.69,0.423287671,41.14285714,25.92857143,32.92857143,1239.4656,226.1345334,8.208174415,1.664490191,0.692210567,223.4631181,7.572164485,0.395704606
2/3/22,Tablas Creek,Challenging,1,V,B,Challenging,255.4,7.87,0.418309859,39.21428571,24.35714286,36.42857143,1266.0192,119.7879419,8.196997579,1.739797814,0.589063714,115.04389,6.805543837,0.310340523
2/3/22,Tablas Creek,Challenging,2,V,B,Challenging,293.5,7.77,0.423776224,39.42857143,27.42857143,33.14285714,1046.952,155.3082524,6.588834951,1.90268165,0.554390054,201.81996,7.271693107,0.30997669
2/4/22,Tablas Creek,Challenging,3,V,B,Challenging,253.9,7.89,0.454022989,33.64285714,27.85714286,38.5,1159.8048,107.2726767,7.606270677,1.726300103,0.73018648,140.9912644,7.024321275,0.362496617
2/3/22,Tablas Creek,Ideal,2,T,A,Ideal,130.8,7.02,0.362771739,18.57142857,39.92857143,41.5,1246.104,101.0367776,6.737366716,1.388487393,0.801670552,100.8692495,3.083800201,0.271610034
2/3/22,Tablas Creek,Ideal,3,T,A,Ideal,118.5,6.81,0.416216216,17.57142857,36.78571429,45.64285714,1139.8896,107.5055559,5.939134938,1.430839017,0.787975913,89.07503218,3.162975042,0.282513444
2/3/22,Tablas Creek,Ideal,1,T,B,Ideal,119.6,7.24,0.376470588,16.35714286,40.28571429,43.35714286,1093.4208,94.44777778,5.752222222,1.590352779,0.724067599,77.84051261,3.512148131,0.308178117
2/3/22,Tablas Creek,Ideal,2,T,B,Ideal,134.2,7.92,0.402455662,19.78571429,36.92857143,43.28571429,1080.144,91.23986523,6.195983827,1.441924032,0.832070707,91.22947444,2.948527193,0.263062248
2/3/22,Tablas Creek,Ideal,3,T,B,Ideal,129,7.66,0.421568627,15.92857143,36.85714286,47.21428571,1153.1664,100.3432485,7.426614481,1.549781889,0.742618493,81.6259944,3.068702,0.27210675
2/3/22,Tablas Creek,Ideal,1,V,A,Ideal,145,7.35,0.37704918,17.5,37,45.5,1139.8896,84.87813559,5.101525424,1.567383135,0.781274281,103.2283372,3.146257622,0.281594471
2/3/22,Tablas Creek,Ideal,2,V,A,Ideal,193.8,7.14,0.389244558,16.57142857,31.07142857,52.35714286,1093.4208,109.2141353,6.794285714,1.648358322,0.717074592,155.0578075,3.527166632,0.302006244
2/3/22,Tablas Creek,Ideal,3,V,A,Ideal,181.2,7.54,0.395095368,15.42857143,34.92857143,49.64285714,1239.4656,145.2539892,6.164123989,1.635789907,0.706002331,143.6559621,3.999773807,0.360853118
2/3/22,Tablas Creek,Ideal,1,V,B,Ideal,200.1,7.38,0.373856209,16.21428571,38,45.78571429,1066.8672,119.9594595,5.262162162,1.777970704,0.688131313,98.43768441,3.787457923,0.32418229
2/3/22,Tablas Creek,Ideal,2,V,B,Ideal,156.4,7.47,0.399452804,15.42857143,34.35714286,50.21428571,1113.336,75.24368327,6.461368923,1.49513865,0.751068376,116.5863462,3.338694079,0.298621307
2/3/22,Tablas Creek,Ideal,3,V,B,Ideal,205.8,7.67,0.417112299,13.64285714,30.5,55.85714286,1179.72,84.06480638,4.585353075,1.679303729,0.720668221,97.28467023,3.593937582,0.309560491
2/3/22,Tablas Creek,Ideal ,1,T,A,Ideal,127.8,7.05,0.355053191,16.57142857,39.71428571,43.71428571,1305.8496,98.03397117,3.823643512,1.956497185,0.726301476,105.2163475,3.104326381,0.269943057
2/2/22,Tom Taylor ,Challenging,1,T,A,Challenging,223.8,8.12,0.123756906,64.71428571,21.71428571,13.57142857,1197.6192,66.67166757,2.912569507,0.953335515,0.985819736,80.59766288,2.653292463,0.217719958
2/2/22,Tom Taylor ,Challenging,2,T,A,Challenging,179.6,7.62,0.145142857,67.57142857,21.14285714,11.28571429,961.2288,55.86515406,3.960888719,1.014887867,1.023212898,57.7074505,2.86130386,0.238416074
2/2/22,Tom Taylor ,Challenging,3,T,A,Challenging,221,8.04,0.165517241,57.85714286,22.92857143,19.21428571,1204.1856,80.86016529,3.324958678,1.052429318,1.059537685,121.600069,2.525435173,0.21797626
2/2/22,Tom Taylor ,Challenging,1,T,B,Challenging,283.3,8.03,0.200231481,64.42857143,22.21428571,13.35714286,1092.5568,52.07309903,5.276047137,1.132733843,1.151612277,41.13587963,2.741678193,0.220623863
2/2/22,Tom Taylor ,Challenging,2,T,B,Challenging,153.5,7.68,0.164351852,59.78571429,23,17.21428571,685.44,31.5977404,3.875777602,1.033461776,1.018453768,39.76773148,1.835270364,0.15553242
2/2/22,Tom Taylor ,Challenging,3,T,B,Challenging,216.1,8.07,0.173563218,52.42857143,26.28571429,21.28571429,1000.6272,48.62296245,3.085326843,1.029358225,0.773795649,73.19850246,2.48874231,0.217707506
2/2/22,Tom Taylor ,Challenging,1,V,A,Challenging,157.6,8.98,0.138079827,71.85714286,21.21428571,6.928571429,554.112,21.59658144,2.248224566,1.080120865,1.343919969,15.708861,0.651531276,0.060477665
2/2/22,Tom Taylor ,Challenging,2,V,A,Challenging,203.5,9.3,0.219705549,70.57142857,21.57142857,7.857142857,514.7136,22.20245352,3.351073329,1.184037127,0.959304584,32.83976972,0.981515651,0.088153733
2/2/22,Tom Taylor ,Challenging,3,V,A,Challenging,198,8.7,0.165540541,68,25.71428571,6.285714286,600.0768,27.04564295,2.296300366,1.156211217,1.082653458,30.46565315,1.065779684,0.092388447
2/2/22,Tom Taylor ,Challenging,1,V,B,Challenging,247.4,8.59,0.15438247,67.42857143,21.92857143,10.64285714,613.2096,20.78533569,2.255300353,1.02781945,1.133158508,19.41538845,0.787362246,0.064623567
2/2/22,Tom Taylor ,Challenging,2,V,B,Challenging,248.3,8.8,0.193208431,61.07142857,24.35714286,14.57142857,495.0144,17.9833748,2.357118667,1.121357023,NA,24.02401026,0.820189396,0.070191484
2/3/22,Tom Taylor ,Challenging,3,V,B,Challenging,238.4,8.62,0.223542117,62.07142857,23.71428571,14.21428571,685.44,22.69696338,2.598057487,1.16257475,1.183469308,27.77438486,1.247292144,0.106825976
2/2/22,Tom Taylor ,Ideal,1,T,A,Ideal,165.9,7.08,0.185228605,49.57142857,31.21428571,19.21428571,1171.3536,96.17259678,5.651863652,1.0820034,0.980574981,115.3826964,2.830179458,0.241804637
2/2/22,Tom Taylor ,Ideal,2,T,A,Ideal,144.3,7.07,0.144385027,51.71428571,28.28571429,20,941.5296,79.9691131,4.326136905,1.013839615,0.932498057,58.52342755,1.953459665,0.170149557
2/2/22,Tom Taylor ,Ideal,3,T,A,Ideal,168.8,7.32,0.167981962,46.85714286,29,24.14285714,1033.4592,86.0897561,4.472195122,1.030025281,0.932303807,81.62150105,2.888603443,0.233041862
2/2/22,Tom Taylor ,Ideal,1,T,B,Ideal,124.4,7.14,0.165914221,50.07142857,30.64285714,19.28571429,586.944,30.65784844,4.892868742,1.061661284,1.139374514,35.12212405,1.273174493,0.114787602
2/2/22,Tom Taylor ,Ideal,2,T,B,Ideal,93.41,7.34,0.163841808,48.35714286,29.5,22.14285714,593.5104,51.04048906,4.787619048,1.049979865,1.013986014,29.91240517,1.265546011,0.114693087
2/2/22,Tom Taylor ,Ideal,3,T,B,Ideal,132.1,7.22,0.175280899,45.21428571,28,26.78571429,619.776,35.60431426,3.678465032,1.066901595,1.001748252,47.38729021,1.710574989,0.137839183
2/2/22,Tom Taylor ,Ideal,1,V,A,Ideal,358.9,7.7,0.268351384,61.14285714,26.35714286,12.5,783.936,32.02578321,3.833493108,1.334870562,0.872086247,34.69677325,1.608021938,0.142537068
2/2/22,Tom Taylor ,Ideal,2,V,A,Ideal,334.1,8.69,0.16300578,57.78571429,28,14.21428571,829.9008,39.41676796,3.145939227,1.109067921,1.153554779,29.45463088,2.022412381,0.176488506
2/2/22,Tom Taylor ,Ideal,3,V,A,Ideal,197.6,7.48,0.155505108,56.28571429,27.85714286,15.85714286,705.1392,24.30597926,4.02047235,1.080567817,0.978049728,17.05576796,1.361232201,0.116493926
2/2/22,Tom Taylor ,Ideal,1,V,B,Ideal,378.6,8.3,0.25625,48,29.07142857,22.92857143,692.0064,24.49635454,4.055242097,1.162078459,1.151903652,19.22647619,0.989687853,0.088287491
2/2/22,Tom Taylor ,Ideal,2,V,B,Ideal,294.1,8.71,0.209248555,50.85714286,33.78571429,15.35714286,737.9712,45.05058897,4.225551378,1.16603858,1.187160062,36.90739884,1.244174579,0.109392992
2/2/22,Tom Taylor ,Ideal,3,V,B,Ideal,215,7.88,0.188004614,52.78571429,28.5,18.71428571,737.9712,21.67765828,2.856887175,1.095207219,0.775641026,25.4426955,1.364222479,0.112885954
3/3/22,Willow,Challenging,1,T,A,Challenging,132.4,8.16,0.102396514,54.71428571,26.07142857,19.21428571,693.2448,27.10678225,1.656615811,0.538195112,1.190947941,677.717497,1.352712006,0.122073012
3/3/22,Willow,Challenging,2,T,A,Challenging,131.9,8.2,0.09025641,53.14285714,24.28571429,22.57142857,765.8712,30.94181511,1.510721533,0.579212804,1.201631702,687.6399516,1.377734357,0.122938806
3/3/22,Willow,Challenging,3,T,A,Challenging,98.75,8.2,0.091693635,57.35714286,25.35714286,17.28571429,581.004,22.59097387,1.401425178,0.565426495,1.186868687,176.2881164,0.901918703,0.077155917
3/3/22,Willow,Challenging,1,T,B,Challenging,207.4,8.15,0.091286307,50.42857143,26.78571429,22.78571429,429.1488,15.04735812,1.08853229,0.55026908,1.353923854,48.65340867,0.824554931,0.073774264
3/3/22,Willow,Challenging,2,T,B,Challenging,110.9,8.46,0.094379639,53.07142857,25.92857143,21,514.98,16.45799933,1.317925728,0.532592691,1.444832945,194.5426263,0.91371023,0.0800986
3/3/22,Willow,Challenging,3,T,B,Challenging,84.03,8.28,0.098901099,53.92857143,25.07142857,21,455.5584,15.07595819,0.994285714,0.605771553,1.233294483,241.7512838,0.815800412,0.073391772
3/3/22,Willow,Challenging,1,V,A,Challenging,407.8,7.67,0.125536481,54.07142857,29.64285714,16.28571429,501.7752,15.55769676,1.205763365,0.762203448,1.218045843,235.3153146,1.044126651,0.09659896
3/3/22,Willow,Challenging,2,V,A,Challenging,178.6,8.5,0.121535181,53.21428571,26.57142857,20.21428571,547.992,17.8484258,1.507496533,0.685984726,1.517773893,289.6960375,0.921064097,0.082456719
3/3/22,Willow,Challenging,3,V,A,Challenging,132.9,8.55,0.114317425,52.64285714,30.21428571,17.14285714,528.1848,16.28390977,1.385864662,0.653912008,1.500971251,46.33330429,0.85931133,0.077443276
3/3/22,Willow,Challenging,1,V,B,Challenging,567.1,7.83,0.146637266,53.85714286,26.92857143,19.21428571,468.7632,16.24925803,0.999424142,0.752276515,1.48533411,NA,0.726598095,0.064493967
3/3/22,Willow,Challenging,2,V,B,Challenging,149,8.56,0.147766323,53.92857143,28.92857143,17.14285714,389.5344,16.67129032,0.966451613,0.641303697,1.387529138,570.3707555,0.763005004,0.067819413
3/4/22,Willow,Challenging,3,V,B,Challenging,136.3,8.45,0.136054422,56.28571429,26.35714286,17.35714286,521.5824,16.33143982,1.384308211,0.620659964,1.337024087,592.1008387,0.689829923,0.059571355
3/3/22,Willow,Ideal,2,T,A,Ideal,222.6,8.36,0.161637931,42.64285714,31.92857143,25.42857143,653.6304,28.92423224,1.650847976,0.639009778,1.214840715,NA,2.709401589,0.213767292
3/3/22,Willow,Ideal,3,T,A,Ideal,174.6,8.43,0.153672316,39.57142857,32,28.42857143,653.6304,21.88307014,1.882225487,0.631900559,0.987082362,NA,2.41297352,0.163993708
3/3/22,Willow,Ideal,1,T,B,Ideal,214.8,8.39,0.154897494,39.71428571,30.57142857,29.71428571,640.4256,28.22026321,1.252687393,0.592688058,1.001359751,NA,2.395871302,0.1795542
3/3/22,Willow,Ideal,2,T,B,Ideal,148.2,8.37,0.154362416,37.92857143,29.85714286,32.21428571,600.8112,22.42958028,1.847346939,0.620649731,1.191045066,105.7828759,1.648483343,0.135816856
3/3/22,Willow,Ideal,3,T,B,Ideal,181.9,8.41,0.168771527,34,32.57142857,33.42857143,448.956,15.98693878,1.567346939,0.625580925,1.189296814,NA,1.184636636,0.098564949
3/3/22,Willow,Ideal,1,V,A,Ideal,129.1,8.33,0.18742586,35.57142857,28.5,35.92857143,521.5824,19.11662194,1.776637727,0.605222196,0.923076923,17.4550913,1.534246684,0.118897354
3/3/22,Willow,Ideal,2,V,A,Ideal,178.7,8.55,0.166101695,38.07142857,31.71428571,30.21428571,521.5824,19.46190198,2.243499479,0.615707239,0.931041181,39.87231489,1.395448497,0.109004232
3/3/22,Willow,Ideal,3,V,A,Ideal,170.8,8.63,0.135555556,40.42857143,28.57142857,31,554.5944,17.67379791,1.654982578,0.739887708,1.085470085,NA,1.81018954,0.132918651
3/3/22,Willow,Ideal,1,V,B,Ideal,137.1,8.45,0.196662694,43.35714286,27.78571429,28.85714286,376.3296,26.64906353,1.154226956,0.657004369,1.03525641,NA,1.599122211,0.132621808
3/3/22,Willow,Ideal,2,V,B,Ideal,137.7,8.54,0.231527094,43.78571429,26.92857143,29.28571429,475.3656,19.86858838,1.866723188,0.732548403,0.956876457,NA,1.231814508,0.099377021
3/3/22,Willow,Ideal,3,V,B,Ideal,164.6,8.63,0.224561404,44.5,22.92857143,32.57142857,442.3536,17.36934066,2.509120879,0.662594522,0.911227661,NA,0.872165529,0.081617093
3/3/22,Willow,Ideal ,1,T,A,Ideal,124.8,8.51,0.145142857,39.07142857,28.92857143,32,349.92,16.74764059,1.848015514,0.667680419,1.0251554,NA,0.813681996,0.077997998
,,,,,,,,,,,,,,,,,,,,
,,,,,,,,,,,,,,,,,,,,
,,,,,,,,,,,,,,,,,,,,
,,,,,,,,,,,,,,,,,,,,
,,,,,,,,,,,,,,,,,,,,
,,,,,,,,,,,,,,,,,,,,
,,,,,,,,,,,,,,,,,,,,
,,,,,,,,,,,,,,,,,,,,